MOF,kh_co2,kh_n2,kh_sel,pq_co2,pq_n2
AlTBAPy,0.00153734,9.83E-06,156.3926755,9.182369251,0.893462308
AlTCPP,0.00182217,1.44E-05,126.5395833,10.20922576,1.124632245
AlTCPP-FF2,,,,,
CALF20,0.000440516,3.63E-06,121.35427,2.987399836,0.317826072
Ca-SQA,0.000722012,2.97E-06,243.1016835,2.915392622,0.284613405
CAU10,0.000633057,1.62E-05,39.07759259,4.700603483,1.147766201
CAU21,0.000416583,6.79E-06,61.35243004,1.290768377,0.345769776
CuAlPyC,0.00242315,1.94E-05,124.9046392,3.446687799,1.032195236
CuAlPyC-FF2,,,,,
DAZMID,0.0450243,1.29E-05,3490.255814,0.904663157,0.674751559
ddmof_16520,0.00223446,1.98E-06,1128.515152,2.494734473,0.184480627
ddmof_16703,7.15E-05,3.61E-06,19.80609418,4.049461406,0.343635579
ddmof_21502,0.000186752,2.63E-06,71.00836502,2.751209187,0.251255786
ddmof_2168,0.000860428,2.71E-06,317.501107,6.330960625,0.259414469
ddmof_22214,0.000166484,3.21E-06,51.86417445,4.416413603,0.306417825
ddmof_22243,0.000142135,3.49E-06,40.72636103,3.816576304,0.322724997
ddmof_22389,0.000207929,1.23E-06,169.0479675,2.457610996,0.116976447
ddmof_22800,9.66E-05,4.22E-06,22.89099526,2.941569685,0.383752074
ddmof_22900,0.00181689,2.82E-06,644.287234,6.297153999,0.270330901
ddmof_22908,0.00012929,3.13E-06,41.30670927,4.428812284,0.295762973
ddmof_23350,0.00106113,2.19E-06,484.5342466,4.767152008,0.198108912
ddmof_23421,0.000149825,3.60E-06,41.61805556,5.453176501,0.348726047
ddmof_23639,0.000389101,4.08E-06,95.36789216,4.236195129,0.373666745
ddmof_23741,0.00316219,4.09E-06,773.1515892,2.961249344,0.369977476
ddmof_23744,0.000160535,3.18E-06,50.4827044,3.205550981,0.284204407
ddmof_3313,5.50E-05,2.53E-07,217.3913043,0.772468204,0.024239737
ddmof_6878,0.00114079,2.79E-06,408.8853047,6.435026578,0.260701598
ddmof_6949,0.0012306,3.25E-06,378.6461538,6.23749469,0.306439852
ddmof_7975,0.000173019,3.27E-06,52.91100917,3.725916908,0.297254008
MgMOF74,0.00472345,4.08E-06,1157.708333,13.50882581,0.393883184
MIL-160-Al,0.000402474,9.40E-06,42.81638298,5.47437343,0.779273014
MIL-53-NH2-Al,0.000426375,1.43E-05,29.81643357,7.513733837,1.093840296
MIL-96-Al,0.000501738,8.10E-06,61.94296296,4.507472013,0.655904767
RSM0011,0.000313705,1.53E-06,205.0359477,3.867059337,0.145266368
RSM0016,3.34E-06,2.86E-07,11.67832168,0.239817925,0.027177899
RSM0022,1.04E-05,1.27E-06,8.188976378,0.942971657,0.120477679
RSM0042,1.12E-05,1.45E-07,77.24137931,0.403850201,0.013680904
RSM0047,2.31E-05,1.18E-06,19.57627119,1.789736974,0.113683063
RSM0055,0.000375794,1.50E-05,25.05293333,4.743853678,1.018259928
RSM0056,3.51E-05,3.61E-06,9.72299169,4.33566412,0.34906405
RSM0059,0.000254419,4.26E-06,59.72276995,5.244905259,0.373225457
RSM0068,0.493156,0.00012841,3840.479713,3.851509118,2.470136543
RSM0079,5.46E-05,9.42E-07,57.96178344,2.423099545,0.089708304
RSM0081,0.000233068,1.21E-05,19.26181818,5.178294264,0.961195347
RSM0086,7.46E-05,3.95E-06,18.88607595,4.319436088,0.375279749
RSM0096,7.34E-05,2.97E-06,24.71380471,4.263223142,0.282060571
RSM0097,0.000152901,4.79E-06,31.92087683,2.743170624,0.418448984
RSM0107,3.98E-05,1.77E-06,22.48587571,2.035778154,0.159703375
RSM0109,3.00E-05,1.56E-06,19.23076923,2.302397358,0.147957214
RSM0118,4.11E-05,2.14E-06,19.20560748,1.906412739,0.189851091
RSM0136,5.07E-05,9.01E-07,56.27081021,2.21748581,0.086479452
RSM0145,1.32E-05,1.67E-06,7.904191617,1.455986411,0.16064447
RSM0148,0.00020426,3.73E-06,54.7613941,3.703443034,0.329654762
RSM0151,4.26E-05,2.65E-06,16.0754717,4.168490912,0.253407865
RSM0158,0.000120806,4.36E-06,27.70779817,4.367487578,0.411646921
RSM0171,0.000542519,3.10E-06,175.006129,1.362084393,0.220015683
RSM0172,0.000137075,3.83E-06,35.78981723,3.709598399,0.337892472
RSM0175,0.000156099,4.15E-06,37.61421687,4.010012488,0.350894697
RSM0177,0.000293598,4.40E-06,66.72681818,5.029786354,0.404789491
RSM0191,0.0174279,1.60E-06,10892.4375,3.905854459,0.157301551
RSM0195,0.000177963,5.34E-06,33.32640449,2.83119416,0.428414761
RSM0199,0.0317676,2.75E-06,11551.85455,1.463917037,0.225468701
RSM0220,0.000380366,1.57E-05,24.22713376,5.942853215,1.182962252
RSM0226,0.00176656,2.65E-05,66.66264151,3.133998117,1.497053067
RSM0227,3.04E-05,2.54E-06,11.96850394,3.353113108,0.240440927
RSM0228,3.35E-05,2.46E-06,13.61788618,3.731849267,0.23785289
RSM0229,0.00100717,5.79E-06,173.9499136,3.346433494,0.485006151
RSM0230,3.51E-05,2.48E-06,14.15322581,4.251315533,0.235027899
RSM0234,2.81E-05,2.38E-06,11.80672269,3.390288244,0.228860387
RSM0235,3.45E-05,4.93E-07,69.97971602,1.020989489,0.049122726
RSM0239,0.000193868,2.28E-06,85.02982456,3.11210813,0.216897566
RSM0243,0.00124362,2.11E-05,58.93933649,3.337043675,1.319011
RSM0247,0.000661255,6.05E-06,109.2983471,4.273617572,0.495251787
RSM0248,0.000137641,3.16E-06,43.55727848,3.145731159,0.281526104
RSM0258,0.000307669,1.39E-06,221.3446043,3.409616859,0.130675808
RSM0270,9.37E-05,1.61E-06,58.19875776,2.435792116,0.152464081
RSM0277,6.89E-05,2.37E-06,29.07172996,1.787555007,0.20420458
RSM0278,0.000385988,5.57E-06,69.29766607,3.847558132,0.461796265
RSM0281,0.000656091,1.31E-05,50.08328244,3.806088761,0.970244123
RSM0285,0.000182486,1.73E-06,105.483237,3.122666144,0.163454147
RSM0287,4.95E-05,1.91E-06,25.91623037,2.797752613,0.181442042
RSM0288,0.00248119,7.12E-06,348.4817416,5.631034134,0.601811018
RSM0290,4.42E-05,8.18E-08,540.3422983,2.979207924,0.007751351
RSM0299,0.000147598,2.95E-06,50.03322034,6.362731628,0.278537447
RSM0304,2.11E-05,2.26E-07,93.36283186,1.016335407,0.021562358
RSM0308,0.00131361,1.54E-05,85.29935065,3.679781793,1.06293682
RSM0309,2.84E-05,2.26E-06,12.56637168,2.144789136,0.210332153
RSM0313,0.00109746,3.29E-06,333.5744681,5.246545288,0.273042519
RSM0316,9.69E-05,9.01E-07,107.5471698,1.649344534,0.087768958
RSM0322,0.00578301,4.49E-06,1287.975501,2.498877446,0.388827085
RSM0324,0.000107443,1.90E-06,56.54894737,2.425986316,0.176990909
RSM0327,0.000119353,2.86E-06,41.73181818,1.096423799,0.202580464
RSM0328,0.000156289,3.77E-06,41.45596817,3.174002039,0.32574457
RSM0331,0.000465132,9.02E-06,51.56674058,1.495999975,0.524535354
RSM0337,0.000136288,2.92E-06,46.6739726,4.391246344,0.270314476
RSM0342,0.000260533,5.70E-06,45.70754386,1.314649081,0.388199909
RSM0366,1.89E-05,3.60E-06,5.25,2.137355793,0.349534385
RSM0369,0.00155495,1.44E-05,107.9826389,3.113812779,0.97038069
RSM0372,0.000179895,4.59E-06,39.19281046,4.68106321,0.401234256
RSM0386,5.22E-05,1.89E-06,27.61904762,3.131048066,0.182888074
RSM0398,0.0042732,8.95E-06,477.452514,2.888203178,0.661066734
RSM0400,0.00390287,1.19E-05,327.9722689,2.656853715,0.890936419
RSM0402,0.000343691,5.03E-06,68.32823062,4.993200443,0.452668035
RSM0418,0.000291885,4.64E-06,62.90625,2.751781885,0.387238282
RSM0423,0.000254798,6.39E-06,39.87449139,5.683416458,0.584078036
RSM0424,4.52E-06,8.19E-07,5.518925519,0.464524873,0.077528629
RSM0426,0.000430961,4.32E-06,99.75949074,4.187697213,0.384778733
RSM0429,7.28E-05,4.90E-06,14.85714286,7.373058666,0.468582771
RSM0431,0.000137915,6.45E-06,21.38217054,4.790979361,0.546487378
RSM0433,0.000155516,4.58E-06,33.95545852,3.902643414,0.400775753
RSM0439,1.94E-05,1.17E-06,16.58119658,0.867143934,0.111764078
RSM0441,0.000133117,1.38E-06,96.4615942,1.167593713,0.126848954
RSM0444,0.000472198,7.73E-06,61.08641656,4.233025877,0.60047766
RSM0445,1.30E-05,2.29E-06,5.676855895,1.312941523,0.218326619
RSM0453,4.39E-05,1.02E-06,43.03921569,1.12910937,0.097223799
RSM0454,0.000182456,3.33E-06,54.79159159,2.213013569,0.287290558
RSM0455,0.000183163,4.17E-06,43.92398082,4.413175874,0.395663228
RSM0457,0.0001781,1.32E-06,134.9242424,2.758014061,0.127600379
RSM0458,0.000266925,5.72E-06,46.66520979,3.174341202,0.470709784
RSM0460,0.000516583,5.06E-06,102.091502,2.63045304,0.427130774
RSM0462,0.264378,1.74E-06,151941.3793,1.389100149,0.171463218
RSM0464,0.000428545,4.39E-06,97.61845103,4.944200264,0.400300636
RSM0473,0.000541987,7.57E-06,71.59669749,5.219924237,0.644281029
RSM0478,0.000187529,2.19E-06,85.62968037,3.658139375,0.207329518
RSM0486,8.31E-05,4.64E-07,179.0948276,2.359103868,0.044232003
RSM0488,0.000194516,8.80E-06,22.10409091,6.24721237,0.783209235
RSM0492,0.00209477,2.25E-05,93.10088889,5.45815993,1.542581849
RSM0493,0.000563582,2.90E-06,194.3386207,1.597767059,0.207609158
RSM0494,0.000195279,7.31E-06,26.71395349,4.72762846,0.624058611
RSM0496,0.0002086,3.11E-06,67.07395498,3.111149609,0.27653005
RSM0497,0.00185318,1.92E-06,965.1979167,3.488809325,0.192108964
RSM0498,0.014187,1.64E-05,865.0609756,6.835423758,1.217139102
RSM0505,3.99E-05,2.32E-06,17.19827586,2.187233943,0.208526609
RSM0508,0.000242844,1.51E-06,160.8238411,1.54119934,0.143145247
RSM0516,0.000683622,1.60E-05,42.726375,10.38458065,1.34241941
RSM0532,0.00149096,2.37E-06,629.0970464,2.848310891,0.223003974
RSM0534,4.21E-05,1.12E-06,37.58928571,2.855915392,0.10560877
RSM0537,7.31E-05,4.92E-06,14.85772358,7.016984568,0.466127853
RSM0544,0.00167515,3.44E-06,486.9622093,4.815602104,0.317949033
RSM0545,0.000121078,2.40E-06,50.44916667,1.690231817,0.197329377
RSM0549,6.09E-05,3.01E-07,202.3255814,1.220961585,0.028846375
RSM0551,4.44E-05,8.23E-07,53.94896719,0.749795659,0.078748056
RSM0557,0.000676318,1.30E-05,52.02446154,3.888822988,0.947528786
RSM0568,0.000133352,4.65E-06,28.67784946,3.217382413,0.371154639
RSM0572,1.52E-05,1.42E-06,10.70422535,0.827749654,0.131164564
RSM0573,0.00516178,4.13E-06,1249.825666,2.606995208,0.350033797
RSM0576,1.57E-05,1.07E-06,14.6728972,1.519755795,0.102284605
RSM0583,0.00072805,2.20E-06,330.9318182,1.868646551,0.199369425
RSM0588,7.00E-05,4.47E-06,15.65995526,4.447966563,0.423045604
RSM0594,0.00233908,3.32E-06,704.5421687,2.026500829,0.284861902
RSM0602,6.90E-05,5.07E-06,13.60946746,4.534728122,0.464872267
RSM0604,5.53E-05,3.74E-06,14.78609626,3.890310127,0.342007837
RSM0622,0.000898081,4.28E-06,209.8320093,2.168963912,0.340789305
RSM0624,4.32E-05,4.03E-06,10.71960298,4.565015475,0.382457291
RSM0628,5.90E-05,3.04E-06,19.40789474,5.623663387,0.288864754
RSM0631,5.91E-05,3.73E-06,15.84450402,4.096846167,0.340418344
RSM0632,1.06E-05,2.51E-07,42.2310757,0.720498625,0.024753965
RSM0633,0.000107369,1.86E-06,57.72526882,3.622808107,0.175587844
RSM0634,0.000887889,6.65E-06,133.5171429,3.998686713,0.590749089
RSM0637,6.52E-05,2.80E-06,23.28571429,1.794971174,0.23273896
RSM0641,2.93E-05,9.46E-07,30.97251586,0.966562896,0.082439237
RSM0644,0.000106618,3.48E-06,30.63735632,2.813570864,0.309243231
RSM0645,2.62E-05,7.65E-07,34.24836601,0.792321106,0.072774976
RSM0647,7.06E-05,4.42E-06,15.97285068,5.842334435,0.416591238
RSM0656,0.000103011,1.41E-06,73.05744681,1.924585433,0.132618523
RSM0658,0.00251845,6.78E-06,371.4528024,2.726627181,0.493040844
RSM0662,6.13E-05,1.46E-06,41.98630137,4.599445852,0.138278146
RSM0663,0.0283662,2.99E-06,9487.023411,1.173159695,0.254128608
RSM0664,0.000438825,7.07E-06,62.06859972,2.193180801,0.487976686
RSM0666,0.0203904,2.25E-06,9062.4,1.047607206,0.196875841
RSM0674,6.59E-05,2.95E-06,22.33898305,3.805313346,0.279049501
RSM0676,0.000768574,1.12E-05,68.62267857,2.652277852,0.725177225
RSM0682,0.000206654,1.39E-06,148.6719424,3.169653608,0.131835754
RSM0686,6.36E-05,2.97E-06,21.41414141,3.740896899,0.281609094
RSM0699,0.000111841,5.43E-06,20.59686924,5.429983379,0.504482943
RSM0700,0.000146868,4.94E-06,29.73036437,5.423987364,0.46098582
RSM0706,6.02E-05,4.49E-06,13.40757238,3.193492607,0.4262679
RSM0716,0.00259299,3.53E-06,734.5580737,2.925685764,0.297034876
RSM0718,0.000297387,2.50E-06,118.9548,3.033636269,0.215541947
RSM0724,0.000187378,8.11E-07,231.0456227,1.84317026,0.077740704
RSM0728,6.95E-05,3.89E-06,17.86632391,4.040573148,0.368452537
RSM0740,0.000694678,1.35E-05,51.45762963,4.477552295,0.907624649
RSM0748,5.60E-05,3.45E-06,16.23188406,1.922950363,0.279387011
RSM0752,4.28E-05,4.13E-06,10.36319613,2.658104496,0.399126686
RSM0753,7.66E-05,1.85E-06,41.40540541,1.09334779,0.154409954
RSM0760,4.28E-05,2.12E-06,20.18867925,3.945302884,0.201483726
RSM0765,0.000215285,3.53E-06,60.98725212,2.395783612,0.2930426
RSM0782,0.000880766,8.66E-06,101.7050808,5.807232864,0.692436899
RSM0783,0.00032338,7.54E-06,42.88859416,5.605812774,0.626873988
RSM0788,0.000170268,3.94E-06,43.21522843,3.283084488,0.343854265
RSM0789,9.04E-05,5.58E-06,16.20071685,2.690659934,0.462053157
RSM0794,0.000132285,3.05E-06,43.37213115,3.256902769,0.293070839
RSM0795,0.000678223,4.18E-06,162.2543062,5.910205768,0.384016348
RSM0796,6.46E-05,3.71E-06,17.41239892,1.623888333,0.323041834
RSM0811,8.48E-05,3.57E-06,23.7535014,2.465529621,0.312104005
RSM0816,0.000190302,3.70E-06,51.43297297,2.715639294,0.320442531
RSM0820,0.000739901,5.50E-06,134.5274545,5.30838746,0.479550046
RSM0825,0.000181883,3.98E-06,45.69924623,3.422643747,0.333569474
RSM0830,0.000179032,4.99E-06,35.87815631,7.324081666,0.472562941
RSM0841,2.0547,1.45E-05,141703.4483,1.907486208,0.82791177
RSM0844,7.12E-05,2.97E-06,23.97306397,1.373102076,0.228106081
RSM0848,0.000243896,7.92E-06,30.79494949,5.163873491,0.656186143
RSM0850,0.0551362,5.69E-06,9690.017575,2.136518597,0.464997017
RSM0851,0.00057663,5.44E-06,105.9981618,11.07795054,0.521046762
RSM0853,8.79E-05,4.10E-06,21.43902439,1.779836679,0.351867461
RSM0858,9.60E-05,6.32E-06,15.18987342,2.600172951,0.537406312
RSM0860,6.58E-06,8.85E-07,7.435028249,0.689568696,0.083496758
RSM0862,4.01E-05,3.83E-06,10.46997389,2.626793001,0.366523712
RSM0871,4.89E-05,9.41E-07,51.96599362,3.332472017,0.089689902
RSM0881,0.000716018,6.03E-06,118.7426202,5.217532254,0.483905023
RSM0888,8.38E-05,1.02E-06,82.15686275,2.165544687,0.095909229
RSM0892,0.000234675,8.79E-06,26.69795222,4.057973877,0.752522195
RSM0895,0.000189052,2.50E-06,75.6208,3.276495348,0.241227368
RSM0903,0.000564992,3.08E-06,183.438961,2.358669835,0.250777597
RSM0904,0.000689394,8.12E-06,84.90073892,2.127801104,0.530172338
RSM0913,0.000419618,2.35E-06,178.5608511,2.336615374,0.181619913
RSM0915,3.04E-05,4.90E-07,62.04081633,0.93268865,0.047682635
RSM0919,0.000191896,4.46E-06,43.02600897,1.510223297,0.382871958
RSM0921,0.000212719,7.20E-06,29.54430556,1.969222308,0.522239103
RSM0937,0.000208442,3.66E-06,56.95136612,4.44018268,0.334936553
RSM0938,0.00048245,7.09E-06,68.04654443,2.362983273,0.535120853
RSM0946,0.000360027,6.69E-06,53.81569507,8.407745982,0.620309597
RSM0953,1.15E-05,2.12E-08,542.4528302,0.678337795,0.001989157
RSM0956,0.00106608,1.34E-05,79.55820896,4.392594429,0.997709195
RSM0962,8.87E-05,5.41E-06,16.39556377,4.195916866,0.498516963
RSM0964,9.12E-05,4.77E-06,19.11949686,3.504793785,0.431527643
RSM0966,4.48E-05,3.53E-06,12.69121813,3.918179776,0.334757456
RSM0969,3.43E-05,2.55E-06,13.45098039,3.412031168,0.243613251
RSM0975,6.69E-05,9.19E-07,72.79651795,2.598490991,0.087329573
RSM0981,0.000309169,6.40E-06,48.30765625,6.229157072,0.574206685
RSM0996,0.000168208,3.98E-06,42.26331658,2.647120476,0.327093144
RSM1002,0.000103904,2.64E-06,39.35757576,6.36637458,0.250247354
RSM1005,0.00019446,6.37E-06,30.52747253,4.226437357,0.542479754
RSM1007,0.000643709,2.04E-05,31.55436275,8.646195764,1.54050577
RSM1019,7.66E-05,4.63E-06,16.54427646,5.801994654,0.437723529
RSM1026,0.000295175,3.47E-06,85.0648415,1.246168093,0.263956063
RSM1028,1.38E-05,8.69E-07,15.88032221,1.067930525,0.082038866
RSM1030,7.53E-05,3.83E-06,19.66057441,1.389165797,0.284206161
RSM1035,9.68E-05,4.43E-06,21.8510158,4.2563202,0.394273835
RSM1050,7.04E-05,4.70E-06,14.9787234,6.640035218,0.450321001
RSM1053,1.83E-05,1.06E-06,17.26415094,1.419233741,0.100495758
RSM1055,5.66E-05,3.85E-06,14.7012987,5.506653805,0.366544668
RSM1056,0.000119815,4.11E-06,29.15206813,4.151630272,0.369561464
RSM1064,0.00174743,1.06E-05,164.8518868,7.048265744,0.841924479
RSM1066,0.00178428,6.51E-07,2740.829493,5.535352691,0.064268805
RSM1069,0.00028466,4.43E-06,64.25733634,5.54704376,0.387247195
RSM1072,5.60E-05,2.81E-06,19.92882562,4.531476403,0.267341582
RSM1074,9.08E-05,3.05E-06,29.7704918,1.623344661,0.266634165
RSM1075,0.000145993,7.01E-06,20.82639087,7.661372027,0.650859202
RSM1078,0.000424045,2.75E-06,154.1981818,2.335983542,0.251165991
RSM1080,6.85E-05,1.56E-06,43.91025641,3.178314856,0.149362118
RSM1084,5.33E-05,3.61E-06,14.76454294,4.068126433,0.338560307
RSM1089,0.000143923,7.19E-06,20.01710709,7.345376649,0.665873038
RSM1094,3.90E-05,3.33E-06,11.71171171,4.402657785,0.320052914
RSM1096,1.95E-05,8.35E-07,23.35329341,0.763728465,0.077216602
RSM1107,2.18E-05,3.02E-06,7.218543046,2.304582428,0.290731241
RSM1110,0.00035554,3.18E-06,111.8050314,2.633597598,0.280553717
RSM1112,0.00116585,9.56E-06,121.9508368,3.599332788,0.755370502
RSM1114,0.0010555,8.94E-06,118.064877,5.082436066,0.657864623
RSM1121,0.000199988,7.56E-06,26.45343915,1.979502885,0.57416155
RSM1124,0.00011057,4.52E-06,24.46238938,3.094172927,0.390367684
RSM1135,0.000217026,4.98E-06,43.57951807,4.020447553,0.418444413
RSM1140,0.000380057,9.07E-06,41.90264609,4.1051212,0.732406403
RSM1141,0.00103535,2.52E-05,41.08531746,4.535860138,1.558325771
RSM1142,0.000491425,1.08E-05,45.50231481,2.837571523,0.819275105
RSM1146,5.62E-05,3.00E-06,18.73333333,4.653057645,0.285891772
RSM1149,0.000459707,5.29E-06,86.90113422,1.663968815,0.379593588
RSM1150,0.000907602,5.77E-06,157.2967071,2.89735746,0.44381741
RSM1158,2.30E-05,1.46E-06,15.75342466,1.347465748,0.138810178
RSM1167,0.000669087,1.66E-05,40.30644578,3.783342133,1.128449264
RSM1171,0.000114952,2.57E-06,44.72840467,2.526734577,0.206729394
RSM1173,0.000974187,8.30E-06,117.3719277,4.923522801,0.686342625
RSM1185,0.000364507,5.10E-06,71.47196078,1.654538781,0.373839184
RSM1195,8.73E-05,3.58E-06,24.38547486,5.687309384,0.339009613
RSM1197,3.16E-05,3.90E-06,8.102564103,2.316205377,0.37443981
RSM1207,0.000518216,6.41E-06,80.8449298,2.192999329,0.492349962
RSM1213,0.000171232,2.49E-06,68.76787149,4.125690047,0.236704109
RSM1214,4.22E-05,4.33E-06,9.74595843,2.520223663,0.409937651
RSM1215,8.97E-05,5.34E-06,16.79775281,2.436639075,0.433871345
RSM1216,0.000670287,7.98E-06,83.99586466,2.243926624,0.581502736
RSM1223,0.000540696,3.37E-06,160.4439169,5.346271282,0.32201317
RSM1226,6.35E-05,3.97E-06,15.99496222,4.260030717,0.373212408
RSM1227,0.000979667,1.98E-05,49.47813131,3.009729404,1.117115062
RSM1232,0.0019465,9.88E-06,197.01417,3.469277342,0.71909745
RSM1233,0.000192976,2.15E-07,897.5627907,0.577652368,0.020751231
RSM1235,7.74E-05,3.99E-06,19.39849624,4.717735907,0.37668536
RSM1238,0.000444548,7.58E-06,58.6474934,3.757088963,0.61238499
RSM1245,5.16E-05,1.68E-06,30.71428571,0.878671914,0.13991763
RSM1250,0.000234944,6.90E-06,34.04985507,3.563682731,0.575010506
RSM1253,7.00E-05,4.13E-06,16.94915254,4.224653358,0.384279658
RSM1254,5.99E-05,3.81E-06,15.72178478,4.033726891,0.357937908
RSM1255,8.09E-05,2.81E-06,28.79003559,4.381594486,0.26482688
RSM1260,0.265651,1.15E-05,23100.08696,3.167425368,0.790590866
RSM1265,0.000416602,3.87E-06,107.6490956,2.359899676,0.304008334
RSM1269,0.000137427,2.58E-06,53.26627907,1.80567678,0.219261505
RSM1271,0.000102231,2.50E-06,40.8924,1.225550301,0.206048462
RSM1274,0.000107439,1.74E-06,61.74655172,1.248725414,0.148376478
RSM1276,0.000153928,5.37E-06,28.66443203,1.546163341,0.375123579
RSM1279,6.39E-05,4.22E-06,15.14218009,5.326081367,0.409293099
RSM1284,7.58E-05,3.40E-06,22.29411765,2.472576392,0.287850322
RSM1291,0.000236555,7.66E-06,30.88185379,2.028220669,0.528227147
RSM1301,0.00903237,8.03E-06,1124.828144,4.952404404,0.645553139
RSM1306,8.71E-05,2.98E-06,29.22818792,4.614622438,0.284551304
RSM1315,0.000133486,6.72E-06,19.8639881,6.305008776,0.622692818
RSM1320,0.000180236,6.01E-06,29.98935108,6.793387508,0.546501081
RSM1327,0.000142505,4.55E-06,31.31978022,6.327317833,0.432718372
RSM1333,6.27E-05,2.34E-06,26.79487179,1.241620992,0.2022053
RSM1336,0.000268525,4.10E-06,65.49390244,5.838073318,0.386473389
RSM1339,0.000639947,1.99E-07,3215.81407,2.509680559,0.019845162
RSM1344,5.31E-05,4.24E-06,12.52358491,4.774689364,0.408585342
RSM1351,0.00283357,1.20E-06,2361.308333,3.168679252,0.114691652
RSM1352,2.85E-05,2.57E-06,11.08949416,3.239024786,0.244704557
RSM1361,0.218835,4.75E-06,46070.52632,1.27930504,0.344890951
RSM1362,0.0202532,2.91E-06,6959.862543,1.136244317,0.234652717
RSM1371,0.000755685,1.45E-05,52.1162069,1.234022405,0.639473511
RSM1374,0.000318241,8.21E-06,38.76260658,1.505062126,0.458293681
RSM1382,0.0225168,7.73E-06,2912.910737,2.997430921,0.582273259
RSM1386,0.000155659,6.83E-06,22.79048316,8.567989542,0.641147866
RSM1389,8.95E-05,1.58E-06,56.64556962,2.341034056,0.153421042
RSM1391,0.000152501,3.08E-06,49.51331169,6.072966637,0.296923263
RSM1404,0.000734215,1.44E-05,50.98715278,6.076886628,1.056846184
RSM1418,0.000383524,9.44E-06,40.62754237,2.985552206,0.671849196
RSM1427,7.46E-05,3.89E-06,19.17737789,6.042953768,0.367440692
RSM1431,6.98E-05,4.63E-06,15.07559395,4.925783388,0.433985135
RSM1460,0.000111594,3.28E-06,34.02256098,2.125799978,0.268983589
RSM1461,4.10E-05,2.33E-06,17.59656652,3.3025624,0.224868003
RSM1469,0.000198274,4.12E-06,48.12475728,10.73154485,0.39580586
RSM1479,0.000224349,7.44E-06,30.15443548,2.36274577,0.542616562
RSM1481,0.000187842,8.24E-06,22.79635922,2.7667071,0.614015691
RSM1488,0.000164626,2.49E-06,66.11485944,2.103411266,0.207429695
RSM1489,6.56E-05,1.51E-06,43.44370861,3.098335357,0.145152715
RSM1498,0.000376628,7.28E-06,51.73461538,5.783178942,0.626347578
RSM1501,0.00012747,2.97E-06,42.91919192,4.495832282,0.278184259
RSM1509,0.000142244,5.14E-06,27.67392996,4.676950347,0.470721552
RSM1516,4.90E-05,2.51E-06,19.52191235,1.322669537,0.210745405
RSM1521,4.28E-05,1.27E-06,33.7007874,2.419147554,0.121190605
RSM1536,0.000147426,4.95E-06,29.7830303,4.489275238,0.450207544
RSM1541,0.000549642,6.54E-06,84.04311927,1.287957222,0.447497691
RSM1542,0.000195494,6.61E-06,29.57549168,2.186877086,0.492139046
RSM1559,0.000197199,8.38E-06,23.53210024,7.730335764,0.76148504
RSM1564,0.000189743,5.06E-06,37.4986166,6.724507626,0.489459037
RSM1568,0.000676967,5.79E-06,116.9200345,6.065321839,0.532658158
RSM1576,0.000464063,4.88E-06,95.09487705,2.562160744,0.409020596
RSM1577,0.00105741,1.09E-05,97.01009174,3.583931351,0.72254255
RSM1579,0.000618312,2.55E-06,242.4752941,2.584999336,0.227350978
RSM1585,0.00277756,7.71E-06,360.2542153,6.094813465,0.658042451
RSM1586,0.000256323,4.51E-06,56.83436807,2.650197347,0.386178614
RSM1600,0.000381528,1.49E-06,256.0590604,3.195413188,0.14279363
RSM1603,0.000207102,2.68E-06,77.27686567,0.701051093,0.168930697
RSM1609,2.71E-05,1.76E-06,15.39772727,1.7572143,0.161890387
RSM1611,0.000294201,8.86E-06,33.20553047,4.133879608,0.716818048
RSM1614,0.000165694,3.28E-06,50.51646341,3.511512003,0.297266008
RSM1619,1.41E-05,1.54E-06,9.155844156,1.608756002,0.146518764
RSM1627,9.38E-05,3.72E-06,25.21505376,4.935053354,0.350684974
RSM1630,0.000581771,1.48E-06,393.0885135,2.624169687,0.140622209
RSM1635,0.000297163,3.35E-07,887.0537313,1.832856265,0.031950925
RSM1638,8.42E-05,3.80E-06,22.15789474,4.395899546,0.357996368
RSM1639,0.000563025,1.35E-06,417.0555556,2.641175243,0.128847893
RSM1640,0.000129684,5.19E-06,24.98728324,6.549109473,0.489825806
RSM1644,0.000258737,1.53E-06,169.1091503,2.112145267,0.126758357
RSM1647,0.000505337,8.45E-06,59.80319527,1.16695088,0.465718527
RSM1654,1.99E-06,5.01E-07,3.972055888,0.215023078,0.047242667
RSM1657,7.33E-05,4.71E-06,15.5626327,3.793604324,0.429923022
RSM1663,0.000947605,6.39E-06,148.2949922,5.821388904,0.593196607
RSM1676,0.00140327,1.16E-05,120.9715517,3.392733466,0.766484708
RSM1677,9.25E-05,5.94E-07,155.7239057,1.337314501,0.057655453
RSM1681,0.000795596,6.06E-06,131.2864686,6.793789841,0.538867873
RSM1683,0.000552001,6.33E-06,87.20394945,5.894633947,0.549827944
RSM1686,7.66E-05,4.21E-07,181.9477435,1.2275345,0.040028028
RSM1694,0.000169477,1.02E-06,166.1539216,1.470381713,0.096413152
RSM1710,4.94E-05,3.35E-06,14.74626866,2.728727278,0.306275442
RSM1718,0.000383824,6.69E-06,57.37279522,3.91463682,0.536306792
RSM1724,3.90E-06,7.28E-07,5.357142857,0.431640482,0.069456793
RSM1728,7.96E-05,1.59E-06,50.06289308,3.572979026,0.151682433
RSM1734,0.00165762,6.29E-06,263.5325914,6.852944546,0.565310479
RSM1738,2.68E-05,3.70E-06,7.243243243,2.061968961,0.358164224
RSM1742,0.000402492,5.43E-06,74.12375691,1.764986513,0.40722255
RSM1745,0.00038956,2.99E-07,1302.876254,0.707618175,0.028689282
RSM1762,0.000966687,2.19E-05,44.1409589,4.732383617,1.391726648
RSM1768,0.000175243,2.62E-06,66.88664122,1.528388639,0.214930736
RSM1769,1.16E-05,4.63E-07,25.05399568,0.837175649,0.045287061
RSM1774,0.00355149,4.33E-05,82.02055427,3.923028427,2.062935907
RSM1787,0.000198778,2.49E-06,79.83052209,2.003670932,0.219526992
RSM1788,5.95E-05,3.96E-06,15.02525253,5.123789331,0.384819327
RSM1795,0.000153952,4.71E-06,32.68619958,2.019454686,0.380075557
RSM1797,6.37E-05,3.31E-06,19.24471299,2.806548353,0.300268397
RSM1799,0.00235302,1.95E-05,120.6676923,6.098725603,1.270001248
RSM1804,0.000489006,8.32E-06,58.77475962,3.700269834,0.641870807
RSM1812,0.00107062,1.41E-05,75.93049645,1.363326569,0.660090301
RSM1814,0.000146179,5.35E-06,27.32317757,1.717001337,0.393464022
RSM1817,0.000418689,6.23E-06,67.20529695,5.309072426,0.540261667
RSM1818,0.00112251,1.19E-05,94.32857143,2.587081696,0.875257737
RSM1829,3.14E-05,2.89E-06,10.8650519,2.769851363,0.273014917
RSM1840,2.85E-05,2.13E-06,13.38028169,2.414153973,0.200924834
RSM1847,0.000389142,8.77E-06,44.37194983,9.361750531,0.794882798
RSM1848,9.33E-06,2.03E-06,4.596059113,0.961831329,0.204337372
RSM1870,0.000232373,3.09E-06,75.20161812,1.517075685,0.253155816
RSM1877,4.88E-05,2.26E-06,21.59292035,1.692843607,0.19294835
RSM1886,0.000512122,5.33E-06,96.08292683,5.788434614,0.503872413
RSM1889,0.000828499,6.07E-06,136.4907743,5.951405388,0.563289589
RSM1890,4.15E-05,5.11E-06,8.121330724,5.249466312,0.502057068
RSM1911,0.000262223,2.05E-06,127.9136585,2.720249085,0.167721913
RSM1916,0.000119194,3.16E-06,37.71962025,5.190792444,0.298591667
RSM1926,0.000264234,6.77E-06,39.03013294,5.917774877,0.603166779
RSM1927,5.98E-05,2.92E-06,20.47945205,5.204903191,0.275206363
RSM1930,0.000443697,4.68E-06,94.80705128,1.50067617,0.345598396
RSM1935,5.83E-05,4.02E-06,14.50248756,3.867803142,0.374697462
RSM1946,1.49E-05,1.66E-06,8.975903614,1.459335867,0.162488237
RSM1970,1.35E-05,3.42E-06,3.947368421,1.361934524,0.348309955
RSM1974,0.000177776,6.92E-06,25.69017341,3.573949145,0.572486474
RSM1976,0.000142992,3.06E-06,46.72941176,4.449804728,0.296124389
RSM1978,0.00168071,2.25E-06,746.9822222,1.583827416,0.17764415
RSM1979,0.000313681,3.56E-06,88.11264045,3.832411242,0.345812252
RSM1982,0.000251712,4.96E-06,50.7483871,3.676368304,0.427825904
RSM1984,2.05E-05,3.48E-06,5.890804598,2.256685954,0.339360549
RSM1987,0.000143871,6.59E-06,21.83171472,6.510865509,0.615690573
RSM1993,0.000230744,8.55E-06,26.98760234,4.344344209,0.684497654
RSM2002,0.000698356,3.21E-06,217.5563863,4.124924216,0.304124654
RSM2006,5.76E-05,4.08E-06,14.11764706,5.138378634,0.391784828
RSM2008,0.000216767,2.57E-06,84.34513619,3.447603585,0.246316899
RSM2009,2.54E-05,5.21E-08,487.5239923,2.208468446,0.004996315
RSM2012,0.000285979,1.01E-06,283.1475248,2.313644048,0.097115939
RSM2021,8.69E-05,4.91E-06,17.69857434,6.087434787,0.478390285
RSM2026,0.000243591,6.77E-06,35.98094535,7.275568396,0.629965945
RSM2032,7.29E-05,3.74E-06,19.49197861,5.711137084,0.356587982
RSM2036,0.000165982,6.58E-06,25.22522796,6.862680981,0.5991942
RSM2037,6.74E-05,4.20E-06,16.04761905,2.920564506,0.391650678
RSM2038,1.68E-05,3.24E-06,5.185185185,1.745331098,0.328848125
RSM2044,5.84E-05,4.63E-06,12.61339093,5.748414032,0.444388493
RSM2047,3.91E-05,3.86E-06,10.12953368,3.977421325,0.377970879
RSM2058,4.61E-05,1.01E-06,45.64356436,1.637788468,0.097824057
RSM2062,0.000131098,4.61E-06,28.43774403,4.689234605,0.428791224
RSM2075,0.000181122,3.59E-06,50.45181058,3.243916826,0.321119912
RSM2076,3.98E-05,2.96E-06,13.44594595,2.779521359,0.283945891
RSM2080,0.00157487,1.21E-05,130.1545455,4.593633599,0.936514176
RSM2082,0.000582579,3.84E-06,151.7132813,3.705361303,0.362108813
RSM2087,4.92E-05,2.55E-06,19.29411765,2.676506052,0.234269038
RSM2106,0.000160009,2.35E-06,68.08893617,2.588131298,0.219692358
RSM2113,0.000106457,6.24E-06,17.06041667,6.520803585,0.586952489
RSM2114,0.541911,2.34E-05,23158.58974,2.149116029,1.122257633
RSM2137,2.45E-05,1.93E-06,12.69430052,2.622142305,0.185128708
RSM2145,0.000201731,6.95E-06,29.02604317,5.450184773,0.60673649
RSM2156,0.00013562,7.90E-06,17.16708861,5.399587775,0.704124354
RSM2160,0.000276162,5.53E-06,49.93887884,2.166754657,0.424257763
RSM2164,1.30E-05,1.20E-06,10.83333333,1.202664345,0.113698351
RSM2167,0.000636879,2.30E-06,276.903913,1.928832163,0.208095282
RSM2175,0.000271885,4.85E-06,56.05876289,2.598741359,0.393383382
RSM2176,0.000111671,3.35E-06,33.33462687,1.922048851,0.294605415
RSM2182,0.000101136,3.91E-07,258.6598465,2.785225383,0.037828769
RSM2201,0.000192994,7.14E-06,27.02997199,2.956418028,0.561984635
RSM2202,5.40E-05,1.59E-06,33.96226415,2.576983283,0.15005755
RSM2207,1.27E-05,2.19E-06,5.799086758,1.233254216,0.212795183
RSM2218,0.000454254,5.14E-06,88.37626459,4.685971155,0.462208625
RSM2224,1.28E-05,1.19E-06,10.75630252,0.930210568,0.113002635
RSM2235,0.000732804,6.48E-06,113.087037,3.127301061,0.480096061
RSM2238,6.01E-05,1.69E-06,35.56213018,1.874561366,0.158046892
RSM2241,0.00149035,9.46E-06,157.5422833,3.638181822,0.733553447
RSM2247,0.000136428,5.99E-06,22.77595993,6.119248492,0.554879149
RSM2250,8.37E-05,2.44E-06,34.30327869,1.802684592,0.212285665
RSM2251,4.39E-05,1.04E-06,42.21153846,3.154648347,0.102190419
RSM2254,4.58E-05,3.58E-06,12.79329609,4.981306566,0.35243817
RSM2257,0.00170606,6.59E-06,258.8861912,5.807452025,0.585929263
RSM2270,5.75E-05,2.96E-06,19.42567568,2.561424547,0.268818925
RSM2277,0.00013094,6.55E-06,19.99083969,6.180917346,0.61878372
RSM2282,0.00010735,3.79E-06,28.32453826,3.391459658,0.333480382
RSM2283,0.000597942,1.60E-05,37.371375,5.937438244,1.338287383
RSM2288,7.17E-05,3.60E-06,19.91666667,3.532290725,0.345821395
RSM2297,0.000114071,4.91E-06,23.23238289,6.433763623,0.48061662
RSM2305,5.46E-05,4.12E-06,13.25242718,4.487373415,0.391133455
RSM2317,4.06E-05,2.10E-06,19.33333333,2.334121428,0.201140124
RSM2333,0.000532551,5.72E-06,93.10332168,2.306953185,0.415871849
RSM2337,0.000176371,6.18E-06,28.53899676,4.234846337,0.527773053
RSM2339,0.388052,9.40E-06,41282.12766,3.427578122,0.75012978
RSM2343,0.000216939,5.17E-06,41.96112186,3.675762284,0.452684445
RSM2347,0.000467455,5.77E-06,81.01473137,3.523511409,0.533268136
RSM2357,2.54E-05,1.30E-06,19.53846154,0.652565396,0.117731449
RSM2360,2.16E-05,1.80E-06,12,1.773683387,0.170144857
RSM2366,0.000569848,9.28E-06,61.40603448,5.840717121,0.786415307
RSM2369,8.02E-05,1.64E-06,48.90243902,4.295320752,0.159720022
RSM2378,9.50E-05,1.35E-06,70.37037037,1.621407054,0.120375026
RSM2388,5.63E-05,3.57E-06,15.77030812,5.455819378,0.343856179
RSM2400,4.10E-05,3.48E-06,11.7816092,3.960525274,0.333095354
RSM2401,0.000437933,5.20E-06,84.21788462,4.773311105,0.459918047
RSM2422,0.000305274,3.08E-06,99.11493506,0.951111781,0.241582924
RSM2423,6.40E-05,2.89E-06,22.14532872,1.327077704,0.235929475
RSM2424,0.000139622,7.19E-06,19.41891516,1.75801881,0.546457194
RSM2425,5.96E-05,2.85E-06,20.9122807,1.365433239,0.236543624
RSM2428,0.00028424,7.94E-06,35.79848866,3.655659696,0.617958975
RSM2430,0.00013285,7.36E-06,18.05027174,1.757864809,0.560396323
RSM2434,0.000119438,7.85E-06,15.21503185,1.703892721,0.589592483
RSM2454,5.44E-05,3.90E-06,13.94871795,3.632178421,0.367947297
RSM2459,0.000710698,3.53E-06,201.3308782,2.093890787,0.267336521
RSM2467,0.000243734,7.23E-06,33.71147994,3.301205215,0.603169727
RSM2469,5.87E-05,2.79E-06,21.03942652,3.319942974,0.26547655
RSM2476,5.41E-05,3.77E-06,14.35013263,3.084689093,0.350491996
RSM2477,0.000511501,4.53E-06,112.914128,6.247758042,0.429973743
RSM2481,0.000269997,4.45E-07,606.7348315,1.718356862,0.042230703
RSM2492,0.000359812,6.16E-06,58.41103896,4.145301155,0.54731552
RSM2497,3.77E-05,2.52E-06,14.96031746,1.936134669,0.2188529
RSM2509,0.000482627,3.03E-06,159.2828383,2.839410865,0.286391393
RSM2513,9.67E-05,2.98E-06,32.44966443,2.050588193,0.256996199
RSM2514,0.000126198,5.48E-06,23.02883212,1.511902369,0.378940266
RSM2517,4.85E-05,3.97E-06,12.21662469,3.416151479,0.359822677
RSM2518,3.75E-05,1.95E-06,19.23076923,1.976938875,0.18660925
RSM2523,7.60E-05,5.74E-06,13.24041812,5.735500192,0.537808615
RSM2529,7.67E-05,5.50E-07,139.4545455,0.778592031,0.052012681
RSM2531,0.000534474,1.24E-06,431.0274194,2.522840031,0.124669569
RSM2573,0.000268579,5.03E-06,53.39542744,1.438151185,0.353087295
RSM2581,0.000109705,1.79E-06,61.2877095,4.354183411,0.152522475
RSM2615,0.000173944,5.12E-06,33.9734375,2.286562847,0.415841888
RSM2620,8.12E-05,5.13E-06,15.82846004,5.25516881,0.480295618
RSM2622,0.000247416,4.78E-06,51.76066946,1.770394049,0.377216481
RSM2629,7.67E-05,1.12E-07,684.8214286,1.053894415,0.010561041
RSM2631,0.00154208,4.27E-06,361.1428571,2.060552205,0.302252075
RSM2636,0.00199975,4.86E-06,411.4711934,2.275239598,0.316159792
RSM2655,0.00126899,8.62E-06,147.2146172,2.800380429,0.574203232
RSM2666,0.000251869,4.27E-06,58.98571429,4.368465366,0.381551205
RSM2681,8.20E-05,4.26E-06,19.24882629,3.823413661,0.392698683
RSM2682,0.00026604,5.44E-06,48.90441176,5.808448289,0.505375087
RSM2700,0.000414654,4.28E-06,96.8817757,1.736620478,0.250092593
RSM2702,0.000161402,3.55E-06,45.46535211,5.513508189,0.337194847
RSM2706,0.000843014,5.36E-06,157.2787313,5.390693095,0.458471583
RSM2712,5.19E-05,2.47E-06,21.01214575,2.221596199,0.222670639
RSM2713,0.000515343,1.19E-05,43.30613445,3.111224051,0.808354922
RSM2721,0.000185134,3.30E-06,56.10121212,4.193816907,0.316211951
RSM2722,0.000298584,4.31E-06,69.27703016,4.467166409,0.394762943
RSM2724,0.0248322,4.91E-06,5057.474542,3.660228288,0.4278918
RSM2728,0.000132928,6.05E-06,21.97157025,3.827121724,0.544583154
RSM2729,0.00196696,1.39E-05,141.5079137,2.148719211,0.869822949
RSM2738,8.75E-05,5.71E-06,15.32399299,4.198702585,0.513896225
RSM2742,4.43E-05,1.61E-06,27.51552795,1.630748508,0.149331589
RSM2752,0.00163515,8.87E-06,184.3461105,1.925911625,0.615117465
RSM2754,2.08E-05,1.86E-06,11.1827957,1.661412676,0.178502394
RSM2759,6.68E-05,5.09E-06,13.1237721,4.796704533,0.471688011
RSM2771,0.00036164,1.40E-06,258.3142857,3.400675634,0.132230854
RSM2772,0.00055331,1.50E-06,368.8733333,4.033788247,0.145886054
RSM2774,0.000156123,3.36E-06,46.46517857,4.568196229,0.316768585
RSM2783,7.09E-06,1.44E-06,4.923611111,0.786289292,0.143770273
RSM2785,0.000937151,8.92E-06,105.0617713,6.148717333,0.768363525
RSM2789,2.77E-05,3.47E-06,7.982708934,2.966262307,0.34498081
RSM2800,0.000156943,4.20E-06,37.36738095,4.602055677,0.40075122
RSM2808,2.70E-05,1.91E-06,14.13612565,2.651345351,0.18453793
RSM2817,0.000228261,1.75E-06,130.4348571,1.946875734,0.155967444
RSM2818,0.00071653,1.25E-05,57.3224,3.671458349,0.731748065
RSM2819,0.000181299,4.08E-06,44.43602941,2.585817127,0.358369862
RSM2826,0.000615318,6.16E-06,99.88928571,2.553784101,0.446824858
RSM2827,0.000150823,7.11E-06,21.21279887,4.333069781,0.603043852
RSM2831,6.82E-05,4.86E-06,14.03292181,6.206970537,0.468347281
RSM2836,0.000247304,2.80E-06,88.32285714,1.722678192,0.24729251
RSM2839,8.25E-05,5.31E-06,15.53672316,4.123986633,0.472375615
RSM2842,6.23E-05,2.99E-06,20.8361204,2.233876625,0.270446079
RSM2843,0.00161134,5.20E-06,309.8730769,5.328557458,0.456715424
RSM2845,0.000325878,8.63E-06,37.76106605,4.250011486,0.669969083
RSM2850,0.000213456,3.86E-06,55.29948187,4.089906404,0.368023908
RSM2852,0.000332186,7.08E-06,46.91892655,3.313412204,0.533671784
RSM2861,0.000119224,2.98E-06,40.00805369,3.975174485,0.286018803
RSM2873,0.00063964,8.01E-06,79.85518102,1.454739503,0.466479559
RSM2879,0.000375745,8.63E-06,43.53939745,5.815664881,0.7352691
RSM2882,2.12E-05,1.13E-06,18.76106195,1.322603806,0.103130745
RSM2891,0.00480393,4.48E-06,1072.305804,3.457596052,0.39724629
RSM2895,0.000501028,1.05E-05,47.71695238,5.104509389,0.837333443
RSM2896,0.000158878,2.52E-06,63.0468254,3.804810768,0.240797302
RSM2898,0.000113634,3.62E-06,31.39060773,5.414358443,0.343151727
RSM2904,0.00013401,4.11E-07,326.0583942,3.082263082,0.040030385
RSM2905,0.000223729,5.63E-06,39.73872114,3.944321552,0.480415907
RSM2910,0.000364064,8.00E-06,45.508,1.344242288,0.482001649
RSM2922,0.000305273,1.36E-06,224.4654412,3.606267643,0.128713266
RSM2924,7.51E-05,4.92E-06,15.26422764,6.982774271,0.468603975
RSM2929,0.000215428,6.54E-06,32.94006116,6.958312697,0.589704702
RSM2943,3.43E-05,1.11E-06,30.9009009,1.884957362,0.105475733
RSM2950,0.0002155,3.72E-06,57.93010753,3.05761359,0.327141191
RSM2953,0.00103015,8.00E-06,128.76875,2.406314459,0.582599885
RSM2958,5.40E-05,4.11E-06,13.13868613,4.87367131,0.390327651
RSM2965,9.41E-05,3.69E-06,25.50135501,5.471135727,0.35702171
RSM2966,6.13E-05,2.48E-06,24.71774194,3.345307852,0.245212741
RSM2972,0.00023861,5.84E-06,40.85787671,1.817878021,0.419342323
RSM2975,0.000250328,6.97E-06,35.91506456,5.587027832,0.596403384
RSM2981,6.52E-05,4.45E-06,14.65168539,5.347003606,0.420991303
RSM2982,0.000106709,2.66E-06,40.11616541,1.367366504,0.234096574
RSM2985,0.000158043,6.66E-06,23.73018018,5.455266731,0.590609445
RSM2992,5.29E-05,1.79E-06,29.55307263,0.905822911,0.158119473
RSM2998,0.000337168,3.66E-06,92.12240437,6.354185092,0.342954564
RSM3003,0.000284874,7.63E-06,37.33604194,4.942181669,0.64141297
RSM3007,2.39E-05,2.28E-06,10.48245614,2.135033348,0.219468267
RSM3012,0.000379253,5.74E-06,66.07195122,5.019097332,0.508583138
RSM3013,0.000102097,5.33E-06,19.15515947,5.2885628,0.500438878
RSM3015,1.94E-05,1.58E-06,12.27848101,1.683784662,0.149432248
RSM3019,8.36E-05,5.35E-06,15.62616822,5.608126422,0.517101209
RSM3032,0.000278857,4.93E-07,565.63286,1.419154297,0.047364002
RSM3040,0.000155706,5.42E-06,28.72804428,2.256653828,0.425873309
RSM3044,0.000340989,7.25E-06,47.03296552,3.834156248,0.58860177
RSM3062,4.47E-05,4.16E-06,10.74519231,3.997937937,0.404692681
RSM3065,0.000245969,2.98E-06,82.53993289,4.127030729,0.281876556
RSM3076,0.00023443,3.90E-06,60.11025641,2.579108747,0.35798632
RSM3083,0.00278144,4.14E-06,671.8454106,3.045811636,0.330897007
RSM3084,0.000547962,3.04E-07,1802.506579,0.368417034,0.029860076
RSM3092,0.000240629,6.35E-06,37.89433071,4.832051602,0.542041138
RSM3110,0.00145373,8.43E-06,172.4472123,5.948380108,0.729325643
RSM3120,0.274803,5.77E-06,47626.16984,1.282662515,0.467855114
RSM3126,0.000668075,1.24E-05,53.87701613,5.637448805,0.98896823
RSM3130,0.000267724,7.45E-06,35.93610738,4.825760892,0.548154152
RSM3145,0.000277407,5.06E-06,54.82351779,2.498745733,0.428301239
RSM3148,0.000425537,6.94E-06,61.31657061,1.635867458,0.477277458
RSM3150,0.00105936,1.06E-05,99.93962264,3.471625585,0.806081383
RSM3159,0.000703013,9.23E-06,76.16608884,2.126463307,0.618169215
RSM3169,0.000186208,4.38E-06,42.51324201,4.677315689,0.408832627
RSM3176,0.000102794,6.42E-06,16.01152648,6.551742338,0.584746548
RSM3180,0.000470417,6.55E-06,71.81938931,5.905644166,0.574853558
RSM3195,0.000454555,6.67E-06,68.14917541,3.568057303,0.518192214
RSM3200,0.000311926,3.69E-06,84.53279133,1.396194892,0.293332868
RSM3205,0.000290476,2.07E-06,140.32657,1.167070174,0.177165606
RSM3206,3.31E-05,2.39E-06,13.84937238,2.527549453,0.226298411
RSM3213,0.00104688,3.04E-06,344.3684211,1.369163297,0.249276616
RSM3217,3.94E-05,1.55E-06,25.41935484,2.034814209,0.147871208
RSM3226,0.000122186,7.61E-06,16.05597898,6.416247161,0.690837833
RSM3256,8.91E-05,3.70E-06,24.08108108,3.96354635,0.349778747
RSM3265,0.000102078,5.39E-06,18.93840445,4.585555825,0.497335968
RSM3266,0.000111084,3.80E-06,29.23263158,3.547232552,0.345367275
RSM3273,7.84E-05,1.53E-06,51.24183007,3.1534752,0.146303039
RSM3275,0.000861995,3.71E-06,232.3436658,3.623373558,0.344247554
RSM3284,0.000103475,4.77E-06,21.69287212,3.415399306,0.430258201
RSM3286,0.000111762,6.08E-06,18.38190789,5.128041532,0.562926218
RSM3287,3.02E-05,2.86E-06,10.55944056,3.118805686,0.280188938
RSM3305,3.98E-05,3.05E-06,13.04918033,2.779054692,0.287690594
RSM3317,9.49E-05,4.32E-08,2196.759259,3.225715306,0.004215485
RSM3320,4.13E-05,4.20E-06,9.833333333,3.833502722,0.410795974
RSM3323,2.17E-05,2.74E-06,7.919708029,2.043354577,0.269100181
RSM3324,0.000366122,1.69E-06,216.6402367,2.500783393,0.160486339
RSM3334,2.62E-05,2.81E-06,9.323843416,2.368908367,0.280318916
RSM3337,2.28E-05,4.44E-06,5.135135135,2.22874739,0.448996016
RSM3341,0.000147966,5.20E-06,28.455,1.466850839,0.393831343
RSM3355,4.28E-05,4.39E-06,9.749430524,4.420270166,0.440529896
RSM3363,0.000169694,4.94E-06,34.35101215,2.900543312,0.413912641
RSM3364,0.000248064,6.49E-06,38.22249615,4.695425544,0.573691953
RSM3369,0.000120461,1.97E-06,61.14771574,0.861045461,0.159280766
RSM3372,0.000346343,5.58E-06,62.06863799,5.97677861,0.499867122
RSM3373,0.000196252,6.12E-06,32.06732026,8.789444323,0.577811698
RSM3388,0.000387869,9.39E-06,41.30660277,2.611800508,0.657509483
RSM3391,0.00037617,1.10E-05,34.19727273,9.736535332,0.953954795
RSM3396,2.91E-05,3.62E-06,8.038674033,3.150655518,0.353237573
RSM3399,7.50E-05,4.31E-06,17.40139211,3.993411853,0.40077639
RSM3405,6.24E-05,3.99E-06,15.63909774,3.869612498,0.36779757
RSM3407,0.000132918,6.09E-06,21.82561576,2.390201577,0.506828626
RSM3408,0.000305303,8.55E-06,35.70795322,3.126424253,0.618592989
RSM3410,6.09E-05,3.96E-06,15.37878788,3.702618623,0.376863525
RSM3415,3.47E-05,6.23E-07,55.69823435,0.935159217,0.059800691
RSM3416,0.000182759,6.62E-06,27.6070997,5.944534516,0.574426446
RSM3419,0.000199335,6.94E-06,28.72262248,4.651094872,0.586066658
RSM3420,4.11E-05,3.48E-06,11.81034483,3.716045029,0.333793439
RSM3423,0.000272556,8.97E-06,30.38528428,6.082704275,0.724450275
RSM3426,0.000818662,2.05E-05,39.93473171,3.834456659,1.255746813
RSM3438,4.70E-05,1.15E-06,40.86956522,0.856047395,0.099628628
RSM3442,2.91E-05,2.52E-06,11.54761905,1.674260999,0.236564025
RSM3455,0.000137408,5.00E-06,27.4816,5.778441047,0.470244448
RSM3457,2.49E-05,2.39E-06,10.41841004,2.119731526,0.229102136
RSM3461,0.000765001,1.12E-05,68.30366071,3.308893739,0.743662205
RSM3468,0.000325345,3.80E-06,85.61710526,2.549590581,0.333724473
RSM3469,5.18E-05,9.78E-07,52.96523517,1.37066385,0.093933338
RSM3474,0.00028831,3.09E-06,93.30420712,3.458535318,0.283397673
RSM3478,0.000169564,6.10E-06,27.79737705,7.697873695,0.579730419
RSM3481,0.00179163,1.53E-05,117.1,3.379860002,0.805692164
RSM3485,0.00022131,3.17E-06,69.81388013,2.607678965,0.275064911
RSM3497,0.000435597,5.87E-06,74.20732538,4.398859195,0.532871993
RSM3517,0.000129533,5.47E-06,23.68062157,5.428601824,0.503971344
RSM3545,9.30E-05,4.96E-06,18.75,7.566902984,0.478118032
RSM3546,2.26E-05,1.74E-06,12.98850575,2.275754436,0.167293247
RSM3548,0.000273528,9.53E-06,28.70178384,5.904516143,0.798215189
RSM3554,2.28E-05,3.19E-06,7.147335423,2.487510039,0.316190011
RSM3565,5.32E-05,1.71E-06,31.11111111,3.186963237,0.161706391
RSM3582,8.51E-05,3.67E-06,23.1880109,3.729937341,0.336529809
RSM3594,0.000167731,3.15E-06,53.24793651,1.1349424,0.259606896
RSM3596,0.000249536,4.53E-06,55.08520971,3.938208681,0.40212992
RSM3604,4.15E-05,1.94E-06,21.39175258,0.936445222,0.169362866
RSM3610,0.000191732,1.50E-06,127.8213333,2.212411139,0.138218457
RSM3616,0.000192479,4.00E-06,48.11975,0.529952515,0.223316214
RSM3629,0.000574926,2.44E-06,235.6254098,3.446721062,0.228446246
RSM3630,0.000107945,5.49E-06,19.66211293,5.792755483,0.518537402
RSM3657,6.68E-05,5.36E-06,12.46268657,4.910954723,0.516270956
RSM3683,2.18E-05,3.23E-06,6.749226006,2.285466784,0.323459999
RSM3692,9.23E-05,3.38E-06,27.30769231,5.581705183,0.338015783
RSM3704,9.55E-05,4.04E-06,23.63861386,5.62068753,0.389937045
RSM3705,1.95E-05,3.38E-06,5.769230769,2.040524915,0.337387994
RSM3706,0.00101157,4.58E-06,220.8668122,1.827863615,0.329012844
RSM3715,0.000205974,3.55E-06,58.02084507,1.904360771,0.339583368
RSM3728,0.000427215,5.56E-06,76.83723022,6.438207569,0.497846529
RSM3735,3.92E-05,3.44E-06,11.39534884,3.217654984,0.333489208
RSM3749,0.000315379,8.99E-06,35.0810901,5.418905126,0.740401858
RSM3754,3.16E-05,2.98E-06,10.60402685,2.740191737,0.29398367
RSM3760,5.87E-05,3.40E-06,17.26470588,2.267749565,0.304563234
RSM3761,3.42E-05,1.30E-06,26.30769231,0.519140039,0.102292009
RSM3765,0.000294372,5.61E-06,52.47272727,3.537870299,0.493607484
RSM3766,6.17E-05,4.16E-06,14.83173077,3.664506078,0.410535916
RSM3770,6.12E-05,4.66E-06,13.13304721,3.713803889,0.450047962
RSM3775,0.000490425,1.31E-05,37.4370229,3.970561427,0.929474528
RSM3784,5.57E-05,4.24E-06,13.13679245,4.402894042,0.397990265
RSM3793,0.000179724,7.57E-06,23.74161162,6.396216605,0.65552453
RSM3796,0.000423432,8.66E-06,48.89515012,4.789301163,0.653008828
RSM3799,0.000761624,4.25E-06,179.2056471,2.062955407,0.357293326
RSM3801,0.000601951,2.94E-06,204.7452381,4.724249146,0.275855246
RSM3812,5.20E-05,3.38E-06,15.38461538,2.791444693,0.313129187
RSM3820,0.000329748,5.04E-06,65.42619048,6.62040702,0.472782337
RSM3823,0.000178511,6.18E-06,28.88527508,2.087077934,0.440915522
RSM3830,0.000230301,8.61E-06,26.74808362,7.3528298,0.763292055
RSM3834,0.000134075,6.33E-06,21.18088468,3.014649851,0.516591866
RSM3843,3.09E-05,2.90E-06,10.65517241,1.572819891,0.287685148
RSM3845,2.29E-05,3.49E-06,6.561604585,2.423202914,0.34806653
RSM3846,0.0011056,6.74E-06,164.0356083,3.071564827,0.566604811
RSM3849,0.000128904,5.03E-06,25.62703777,5.082152397,0.452288309
RSM3850,0.000141481,5.13E-06,27.5791423,5.082327628,0.450963949
RSM3860,0.000201468,3.54E-06,56.91186441,1.744849686,0.274225601
RSM3864,0.000881892,9.95E-06,88.63236181,4.302842555,0.730107797
RSM3865,0.000301062,6.21E-06,48.48019324,4.070997302,0.511848133
RSM3875,0.000183041,3.49E-06,52.44727794,2.219047175,0.303628916
RSM3889,1.42E-05,2.81E-06,5.053380783,1.423944694,0.280947819
RSM3891,0.000120904,7.33E-06,16.49440655,7.108625128,0.683723918
RSM3898,0.00546596,1.36E-05,401.9088235,3.352394063,0.885101731
RSM3905,0.000387681,6.88E-06,56.34898256,0.889815135,0.403346363
RSM3908,0.000971382,1.22E-05,79.62147541,2.043885574,0.635165056
RSM3912,0.000131232,5.51E-06,23.81705989,4.398267363,0.502835998
RSM3918,0.000371455,8.01E-06,46.37390762,2.119139096,0.551692412
RSM3966,0.000281577,6.55E-06,42.98885496,2.826743612,0.504728045
RSM3971,5.70E-05,3.65E-06,15.61643836,3.93954667,0.350864198
RSM3985,9.81E-05,3.56E-06,27.55617978,4.07039064,0.333280545
RSM3992,1.28E-05,4.57E-06,2.800875274,1.318168262,0.463684287
RSM3993,8.11E-05,5.29E-06,15.33081285,5.428666017,0.511807607
RSM3997,6.22E-05,3.70E-06,16.81081081,4.720398664,0.358064783
RSM4006,0.000991446,1.37E-05,72.36832117,1.775246423,0.733562651
RSM4009,0.00028648,7.79E-06,36.77535302,8.357980246,0.716646004
RSM4015,0.00013281,5.17E-06,25.68858801,4.467685701,0.475209669
RSM4021,0.000163275,3.94E-06,41.44035533,1.828967521,0.315433399
RSM4023,0.000439738,9.27E-06,47.43667745,2.426784484,0.646033206
RSM4030,3.43E-05,2.54E-06,13.50393701,1.764005661,0.25480825
RSM4038,0.000156645,5.46E-06,28.68956044,5.566289438,0.518795687
RSM4040,2.05E-05,3.66E-06,5.601092896,1.789144184,0.36234986
RSM4054,0.000119225,4.39E-06,27.15831435,3.860514458,0.377602108
RSM4062,8.57E-05,4.08E-06,21.00490196,3.578447416,0.387126034
RSM4063,5.33E-05,2.40E-06,22.20833333,3.830050263,0.238646779
RSM4068,0.000130904,4.52E-06,28.96106195,6.245492669,0.437213427
RSM4072,4.92E-05,2.25E-06,21.86666667,2.027318406,0.213363581
RSM4079,0.00032447,7.63E-06,42.52555701,6.437758622,0.682254213
RSM4082,9.20E-06,2.19E-06,4.200913242,0.973941394,0.222007342
RSM4092,0.000589483,6.75E-06,87.33081481,2.113281289,0.500392226
RSM4098,8.33E-05,4.69E-06,17.76119403,5.447992392,0.427816509
RSM4109,0.000564434,6.04E-06,93.44933775,4.091173395,0.478638946
RSM4117,0.000118403,4.42E-06,26.78800905,2.448216546,0.385943281
RSM4119,0.00256435,6.86E-06,373.8119534,0.838442385,0.375594712
RSM4127,0.000109946,6.43E-06,17.09891135,6.747833891,0.629882383
RSM4133,0.00011469,4.43E-06,25.88939052,2.727049096,0.385002382
RSM4136,0.000794543,4.56E-06,174.241886,1.71519194,0.317514873
RSM4144,0.000737331,6.89E-06,107.0146589,5.463304275,0.591789864
RSM4160,8.01E-05,3.17E-06,25.2681388,2.548340942,0.29161892
RSM4167,1.32E-05,7.77E-07,16.98841699,1.048894521,0.074752717
RSM4175,0.000287805,6.32E-06,45.53876582,6.086988832,0.593389256
RSM4181,0.00229691,1.87E-06,1228.294118,0.894192423,0.158639527
RSM4197,0.000817576,1.36E-06,601.1588235,0.926362082,0.126725323
RSM4199,0.000611118,1.62E-06,377.2333333,0.912987651,0.141015333
RSM4210,4.96E-05,3.20E-06,15.5,4.129794428,0.309997346
RSM4212,0.000368985,7.34E-06,50.27043597,2.746267016,0.558383922
RSM4216,0.000369206,6.45E-06,57.24124031,2.103956417,0.442926405
RSM4228,4.26E-05,2.52E-06,16.9047619,2.963440064,0.244915079
RSM4230,0.000173683,6.39E-06,27.18043818,3.389285402,0.512131229
RSM4232,0.000596149,8.18E-06,72.87885086,2.211681359,0.46488012
RSM4237,5.37E-05,3.08E-06,17.43506494,3.496074091,0.304366938
RSM4240,2.05E-05,3.66E-06,5.601092896,2.062939203,0.376297683
RSM4241,0.000181763,4.94E-06,36.79412955,4.885912742,0.480897975
RSM4255,5.96E-05,4.24E-06,14.05660377,3.74368863,0.399063896
RSM4258,0.000265481,1.92E-06,138.2713542,5.147497544,0.18767086
RSM4260,0.00418582,8.40E-06,498.3119048,3.714801186,0.682946693
RSM4271,0.00020491,6.76E-06,30.31213018,3.785732503,0.563617612
RSM4278,1.63E-05,2.51E-06,6.494023904,1.43644522,0.250081656
RSM4290,9.91E-05,5.27E-06,18.80455408,3.838994465,0.459444704
RSM4294,0.000179431,5.13E-06,34.97680312,2.909168595,0.421811036
RSM4297,0.00282898,2.22E-06,1274.315315,2.186672396,0.207783291
RSM4298,0.0005211,7.02E-07,742.3076923,1.967304398,0.069350037
RSM4306,2.46E-05,3.59E-06,6.852367688,2.552840298,0.362471443
RSM4311,2.37E-05,3.54E-06,6.694915254,2.429591536,0.352296065
RSM4322,0.000722906,7.03E-06,102.8315789,5.198621234,0.594240916
RSM4327,0.000101136,6.50E-06,15.55938462,6.407466943,0.611118209
RSM4338,0.00170874,8.58E-06,199.1538462,1.000129473,0.377939802
RSM4356,0.000468687,4.31E-06,108.7440835,2.354717714,0.342231953
RSM4357,4.85E-05,2.78E-06,17.44604317,2.671946123,0.269511425
RSM4362,0.000180689,3.03E-06,59.63333333,3.02647963,0.296919748
RSM4364,0.000306555,5.46E-06,56.1456044,4.735601479,0.483635691
RSM4370,2.22E-05,3.59E-06,6.183844011,2.62516935,0.357309592
RSM4380,3.23E-05,1.91E-06,16.91099476,1.57111318,0.178232608
RSM4385,0.000113736,5.02E-06,22.65657371,3.138843032,0.44321116
RSM4397,1.05E-05,3.14E-06,3.343949045,1.047885203,0.316139983
RSM4412,5.60E-05,3.48E-06,16.09195402,2.84431302,0.3311629
RSM4419,2.81E-05,3.27E-06,8.593272171,3.216806228,0.325119141
RSM4456,9.18E-05,4.10E-06,22.3902439,4.092732368,0.3791593
RSM4457,8.42E-05,4.97E-06,16.9416499,4.679487635,0.461496178
RSM4460,0.000166138,5.97E-06,27.82881072,3.887443581,0.522712868
RSM4464,9.09E-05,4.32E-06,21.04166667,3.062804759,0.401497893
RSM4480,5.16E-05,3.42E-06,15.0877193,3.422825673,0.335982023
RSM4489,0.000746702,9.81E-06,76.11641182,3.584010168,0.707191718
RSM4490,1.96E-05,3.57E-06,5.490196078,1.979168732,0.355984489
RSM4491,9.41E-05,4.17E-06,22.56594724,3.411125251,0.39272502
RSM4506,0.00220933,1.93E-05,114.473057,3.751445176,1.143913314
RSM4509,0.000180778,6.88E-06,26.27587209,2.362143733,0.493835783
RSM4517,5.04E-05,3.97E-06,12.69521411,4.646227089,0.396086159
RSM4548,0.000241613,3.56E-06,67.86882022,1.583684984,0.258162952
RSM4556,2.22E-05,3.76E-06,5.904255319,2.168754641,0.379169572
RSM4560,3.74E-05,3.84E-06,9.739583333,3.617698045,0.384996224
RSM4564,0.000131877,1.58E-06,83.4664557,0.896662289,0.128833186
RSM4565,0.000142328,2.21E-06,64.40180995,0.937494742,0.178858592
RSM4579,5.39E-05,4.82E-06,11.18257261,3.766863316,0.480154931
RSM4599,0.000132111,3.22E-06,41.02826087,2.520290779,0.27650166
RSM4602,7.62E-05,2.25E-06,33.86666667,2.365809969,0.225706729
str_m2_o1_o17_pcu_sym.129,9.78E-05,5.43E-06,18.01104972,3.231290536,0.463528566
str_m2_o1_o19_pcu_sym.61,4.32E-05,3.48E-06,12.4137931,3.162720633,0.331848363
str_m2_o1_o9_pcu_sym.185,8.31E-05,3.87E-06,21.47286822,2.434971532,0.326759117
str_m2_o10_o14_pcu_sym.22,0.000274224,3.20E-06,85.695,2.934686598,0.273335249
str_m2_o10_o26_pcu_sym.188,0.000382021,7.87E-06,48.54142313,4.940646824,0.65885474
str_m2_o10_o28_pcu_sym.57,0.000224787,7.81E-06,28.78194622,4.232984096,0.619140496
str_m2_o10_o28_pcu_sym.58,0.000410574,3.33E-06,123.2954955,3.517760087,0.288859857
str_m2_o10_o29_pcu_sym.193,0.000356149,9.30E-06,38.2955914,3.961757584,0.709543707
str_m2_o10_o29_pcu_sym.238,0.000253656,7.00E-06,36.23657143,3.382124117,0.543644896
str_m2_o10_o29_pcu_sym.38,0.000258362,4.09E-06,63.16919315,3.564789347,0.346322305
str_m2_o10_o29_pcu_sym.64,0.000455541,8.19E-06,55.62161172,4.879207478,0.686880916
str_m2_o10_o29_pcu_sym.82,0.000543258,1.19E-05,45.65193277,3.929827178,0.822005419
str_m2_o13_o22_pcu_sym.93,5.23E-05,3.22E-06,16.24223602,2.800755842,0.306780427
str_m2_o14_o14_pcu_sym.48,0.000275467,8.30E-06,33.18879518,3.485426483,0.637362902
str_m2_o14_o17_pcu_sym.222,0.000118418,4.45E-06,26.61078652,2.737763145,0.352723541
str_m2_o14_o22_pcu_sym.121,0.000231144,5.87E-06,39.37717206,4.008104803,0.508320855
str_m2_o14_o22_pcu_sym.239,7.97E-05,3.98E-06,20.02512563,3.380636354,0.358451468
str_m2_o14_o23_pcu_sym.139,0.000132096,6.42E-06,20.57570093,3.400547937,0.563124362
str_m2_o16_o16_pcu_sym.177,0.000121429,5.46E-06,22.23974359,4.382333814,0.491420657
str_m2_o4_o9_pcu_sym.40,0.000105019,4.98E-06,21.08815261,3.620041227,0.433311934
str_m2_o5_o29_pcu_sym.50,0.000322853,1.01E-05,31.96564356,4.717661565,0.725238541
str_m2_o5_o29_pcu_sym.83,0.000254384,9.51E-06,26.7491062,4.22090146,0.735191242
str_m2_o9_o14_pcu_sym.72,0.000113931,2.60E-06,43.81961538,3.033697971,0.245834974
str_m2_o9_o18_pcu_sym.31,0.000204941,6.35E-06,32.27417323,3.798959708,0.534300718
str_m2_o9_o19_pcu_sym.13,0.000115069,3.95E-06,29.13139241,3.221283439,0.339594768
str_m2_o9_o19_pcu_sym.99,0.000343683,5.89E-06,58.35025467,3.912088839,0.488905042
str_m3_o1_o12_pcu_sym.96,0.00014496,3.11E-06,46.61093248,2.787698734,0.257794454
str_m3_o1_o22_pcu_sym.190,5.90E-05,4.02E-06,14.67661692,3.257739686,0.364940945
str_m3_o1_o6_pcu_sym.147,8.34E-05,5.04E-06,16.54761905,3.766129442,0.446450104
str_m3_o1_o9_pcu_sym.206,0.000178951,4.45E-06,40.21370787,3.202257296,0.39244166
str_m3_o10_o14_pcu_sym.41,0.000225266,5.36E-06,42.02723881,4.685065756,0.458470336
str_m3_o10_o14_pcu_sym.51,0.000176059,6.60E-06,26.67560606,2.762350978,0.522251786
str_m3_o10_o15_pcu_sym.28,0.000548345,9.47E-06,57.90337909,3.10377097,0.656106928
str_m3_o10_o15_pcu_sym.33,0.0020104,1.05E-05,191.4666667,5.125496674,0.819991858
str_m3_o10_o16_pcu_sym.105,9.46E-05,2.83E-06,33.42756184,3.134622185,0.258798919
str_m3_o10_o16_pcu_sym.149,0.000150564,5.36E-06,28.09029851,3.883156842,0.474543769
str_m3_o10_o16_pcu_sym.41,0.000337043,9.44E-06,35.70370763,2.905556526,0.696224061
str_m3_o10_o17_pcu_sym.108,0.00026089,4.87E-06,53.57084189,5.76278108,0.470146749
str_m3_o10_o18_pcu_sym.55,0.000210167,5.77E-06,36.42409012,3.398957912,0.487284577
str_m3_o10_o28_pcu_sym.16,0.000192531,8.38E-06,22.97505967,4.549692587,0.724806039
str_m3_o10_o28_pcu_sym.35,0.000152677,5.76E-06,26.50642361,3.711411187,0.487454788
str_m3_o10_o28_pcu_sym.50,5.33E-05,2.95E-06,18.06779661,1.504985536,0.246238814
str_m3_o10_o29_pcu_sym.121,0.000847458,1.25E-05,67.79664,2.14977827,0.678196505
str_m3_o10_o29_pcu_sym.227,0.00225155,3.94E-06,571.4593909,4.964981825,0.352923313
str_m3_o10_o29_pcu_sym.24,0.000672074,3.96E-06,169.7156566,3.872656574,0.330517519
str_m3_o10_o29_pcu_sym.37,0.000469653,5.92E-06,79.33327703,6.164400981,0.512144346
str_m3_o10_o29_pcu_sym.55,0.000358531,8.52E-06,42.08110329,6.225980535,0.757878967
str_m3_o12_o13_pcu_sym.234,8.59E-05,4.12E-06,20.84951456,2.792227342,0.350598579
str_m3_o12_o15_pcu_sym.174,0.000311186,4.27E-06,72.87728337,3.743785834,0.369777008
str_m3_o14_o14_pcu_sym.131,0.000140258,4.54E-06,30.8938326,2.577382449,0.352294962
str_m3_o14_o16_pcu_sym.116,5.86E-05,1.66E-06,35.30120482,2.640332687,0.158989533
str_m3_o14_o16_pcu_sym.244,0.000169398,4.76E-06,35.58781513,2.786932306,0.383016718
str_m3_o22_o22_pcu_sym.40,9.94E-05,4.74E-06,20.97046414,2.062109021,0.38580261
str_m3_o4_o16_pcu_sym.143,5.07E-05,2.66E-06,19.06015038,1.716525681,0.219994295
str_m3_o4_o17_pcu_sym.145,6.44E-05,4.02E-06,16.0199005,2.9241595,0.35937705
str_m3_o4_o22_pcu_sym.72,0.000104558,5.05E-06,20.70455446,4.07590726,0.445910853
str_m3_o4_o5_pcu_sym.243,0.000188295,6.21E-06,30.32125604,4.556546044,0.547037733
str_m3_o4_o9_pcu_sym.187,0.000267209,3.21E-06,83.24267913,3.366540438,0.273998365
str_m3_o5_o13_pcu_sym.93,0.000212657,6.59E-06,32.26965099,3.881804765,0.543417382
str_m3_o5_o29_pcu_sym.79,0.000341153,1.12E-05,30.46008929,5.663543937,0.867996875
str_m4_o1_o11_acs_sym.5,0.0364868,6.15E-06,5932.813008,1.603419167,0.473984565
str_m4_o1_o14_acs_sym.10,0.0166601,3.92E-06,4250.02551,1.063930091,0.308298096
str_m4_o1_o14_acs_sym.139,0.0202583,5.71E-06,3547.863398,1.769203122,0.443195412
str_m4_o1_o14_acs_sym.44,0.0379107,6.13E-06,6184.453507,2.122024888,0.532605785
str_m4_o1_o15_acs_sym.167,0.00284089,4.76E-06,596.8256303,4.395096525,0.420916275
str_m4_o1_o15_acs_sym.172,0.263333,7.42E-06,35489.62264,1.253032878,0.544052582
str_m4_o1_o15_acs_sym.33,0.0191308,5.56E-06,3440.791367,2.291579921,0.475876897
str_m4_o1_o22_acs_sym.155,0.0403548,6.39E-06,6315.305164,1.878279691,0.514781556
str_m4_o1_o22_acs_sym.202,0.139672,7.45E-06,18747.91946,1.776552093,0.532503129
str_m4_o1_o22_acs_sym.203,0.00244582,4.27E-06,572.7915691,2.939571429,0.36593256
str_m4_o1_o22_acs_sym.22,0.05538,5.23E-06,10588.91013,1.797930778,0.421745814
str_m4_o1_o22_acs_sym.73,0.00235014,5.89E-06,399.0050934,4.933959328,0.533515427
str_m4_o1_o22_acs_sym.92,0.0525844,5.92E-06,8882.5,2.221921849,0.515861051
str_m4_o1_o4_acs_sym.145,0.0120109,3.74E-06,3211.470588,1.874363314,0.298880985
str_m4_o1_o4_acs_sym.170,0.0119813,5.03E-06,2381.968191,2.414290949,0.432562269
str_m4_o1_o4_acs_sym.68,0.0616541,6.18E-06,9976.391586,1.438167663,0.45256178
str_m4_o1_o4_acs_sym.81,0.111253,4.78E-06,23274.68619,1.299347468,0.325377066
str_m4_o11_o15_acs_sym.209,0.00343476,5.46E-06,629.0769231,4.946542762,0.491592603
str_m4_o11_o22_acs_sym.203,0.00829872,4.83E-06,1718.161491,3.203198173,0.42418849
str_m4_o11_o22_acs_sym.225,0.00618495,6.67E-06,927.2788606,4.213288212,0.543271588
str_m4_o11_o22_acs_sym.282,0.00578838,5.13E-06,1128.339181,3.439740218,0.44880231
str_m4_o11_o22_acs_sym.57,0.04636,3.89E-06,11917.73779,2.068096767,0.340174101
str_m4_o12_o15_acs_sym.133,0.00203397,6.37E-06,319.3045526,3.377021491,0.522245274
str_m4_o12_o15_acs_sym.171,0.0318153,4.98E-06,6388.614458,2.761051109,0.434098906
str_m4_o12_o15_acs_sym.218,0.00222375,9.25E-06,240.4054054,3.52541158,0.653639718
str_m4_o14_o14_acs_sym.115,0.0470017,1.25E-05,3760.136,1.805451342,0.815508881
str_m4_o14_o14_acs_sym.127,2.6596,2.19E-05,121442.9224,1.087664729,0.998528662
str_m4_o14_o14_acs_sym.41,0.030276,4.76E-06,6360.504202,0.674314899,0.291515274
str_m4_o14_o22_acs_sym.127,0.00998654,4.67E-06,2138.445396,1.114284402,0.339248403
str_m4_o14_o22_acs_sym.54,0.0153644,7.94E-06,1935.062972,2.061736703,0.575113339
str_m4_o14_o22_acs_sym.98,0.0288281,6.58E-06,4381.170213,0.81257329,0.380250429
str_m4_o14_o24_acs_sym.190,0.0405071,7.82E-06,5179.936061,1.939967707,0.555991547
str_m4_o17_o17_acs_sym.124,0.00523057,1.35E-05,387.4496296,5.686839263,0.94321987
str_m4_o17_o17_acs_sym.171,0.00527929,3.39E-05,155.7312684,4.422992525,1.296628663
str_m4_o17_o17_acs_sym.22,0.00265945,1.61E-05,165.1832298,5.245739552,0.891724774
str_m4_o17_o17_acs_sym.32,0.00333367,1.68E-05,198.4327381,4.500755997,0.845326221
str_m4_o2_o17_acs_sym.99,0.000629418,7.62E-06,82.6007874,5.540880596,0.617686407
str_m4_o22_o22_acs_sym.116,0.00429779,1.15E-05,373.7208696,3.867919795,0.814969009
str_m4_o22_o22_acs_sym.26,0.00569652,1.63E-05,349.4797546,4.888393486,1.183575518
str_m4_o22_o22_acs_sym.29,0.0040033,7.83E-06,511.2771392,5.088888329,0.656392128
str_m4_o22_o22_acs_sym.73,0.0109062,1.25E-05,872.496,3.625221058,0.908755538
str_m4_o22_o22_acs_sym.91,0.00680686,6.81E-06,999.5389134,4.46946076,0.572388224
str_m4_o22_o22_acs_sym.97,0.00402543,1.61E-05,250.0267081,5.247271054,1.178743734
str_m4_o22_o24_acs_sym.130,0.00390873,1.63E-05,239.7993865,5.2403439,1.201805504
str_m4_o22_o24_acs_sym.2,0.00582533,1.59E-05,366.372956,4.946286969,1.14082969
str_m4_o22_o24_acs_sym.30,0.00527097,1.33E-05,396.3135338,4.898440737,0.988152702
str_m4_o22_o24_acs_sym.66,0.00389869,1.22E-05,319.5647541,4.552755494,0.913808656
str_m4_o22_o24_acs_sym.91,0.00640345,1.29E-05,496.3914729,4.74935038,0.961342556
str_m4_o4_o11_acs_sym.161,0.0246718,2.57E-06,9599.922179,0.664647698,0.203944896
str_m4_o4_o11_acs_sym.80,0.0209573,7.43E-06,2820.632571,2.182565392,0.573964198
str_m4_o4_o14_acs_sym.127,0.00938124,7.36E-06,1274.625,2.501053632,0.546713676
str_m4_o4_o14_acs_sym.3,0.0338181,1.28E-05,2642.039063,2.504404033,0.845425376
str_m4_o4_o15_acs_sym.13,0.0193259,5.48E-06,3526.624088,0.89088848,0.330303316
str_m4_o4_o15_acs_sym.20,0.101788,5.74E-06,17733.10105,1.426528903,0.486941358
str_m4_o4_o22_acs_sym.111,0.0153408,9.41E-06,1630.265675,2.872872216,0.709918713
str_m4_o4_o22_acs_sym.138,0.0123437,8.87E-06,1391.62345,2.876650849,0.678464762
str_m4_o4_o22_acs_sym.167,0.0342846,8.44E-06,4062.156398,1.967584896,0.617710586
str_m4_o4_o22_acs_sym.183,0.0059692,7.94E-06,751.7884131,3.244728258,0.627179793
str_m4_o4_o4_acs_sym.127,0.00539249,8.08E-06,667.3873762,3.618338068,0.642673242
str_m4_o4_o5_acs_sym.113,0.00488991,4.63E-06,1056.136069,3.883989592,0.403498256
str_m4_o4_o5_acs_sym.136,0.00115539,2.68E-06,431.1156716,3.077221878,0.242365796
str_m4_o4_o9_acs_sym.52,0.0505514,5.44E-06,9292.536765,1.933399634,0.425815444
str_m4_o5_o14_acs_sym.104,0.00263688,4.71E-06,559.8471338,3.809186236,0.405702103
str_m4_o5_o14_acs_sym.175,0.00340858,4.20E-06,811.5666667,3.17368989,0.375449799
str_m4_o5_o24_acs_sym.154,0.00221245,4.89E-06,452.4437628,5.310359054,0.441266
str_m4_o5_o24_acs_sym.178,0.00841597,5.10E-06,1650.190196,3.048948525,0.415666063
str_m5_o1_o16_sra_sym.18,0.000359857,8.76E-06,41.07956621,5.384777335,0.727860436
str_m5_o1_o16_sra_sym.187,0.000215101,4.90E-06,43.89816327,4.557524929,0.434214512
str_m5_o1_o16_sra_sym.71,0.000545328,5.08E-06,107.3480315,4.832829117,0.449186022
str_m5_o1_o16_sra_sym.97,0.000109963,3.24E-06,33.93919753,4.663250258,0.312717614
str_m5_o1_o17_sra_sym.50,0.000326315,6.04E-06,54.02566225,4.065376524,0.534027539
str_m5_o1_o17_sra_sym.58,0.000410083,6.20E-06,66.14241935,4.930276769,0.556780722
str_m5_o1_o18_sra_sym.61,0.000435781,9.55E-06,45.63151832,6.917364853,0.796631981
str_m5_o10_o29_sra_sym.117,0.00215011,1.80E-05,119.4505556,4.706897763,1.069596869
str_m5_o10_o29_sra_sym.172,0.00301818,1.87E-05,161.4,5.0623876,1.102071678
str_m5_o11_o16_sra_sym.124,0.000275169,5.73E-06,48.02251309,5.570231561,0.516994724
str_m5_o11_o16_sra_sym.127,0.000185284,4.85E-06,38.2028866,5.207012524,0.454148082
str_m5_o11_o16_sra_sym.128,0.000236652,5.55E-06,42.64,5.946504012,0.518878788
str_m5_o11_o16_sra_sym.151,0.000310586,5.30E-06,58.60113208,5.427081735,0.482099403
str_m5_o11_o16_sra_sym.162,0.000251791,4.45E-06,56.58224719,5.154259622,0.417540163
str_m5_o11_o16_sra_sym.189,0.000270367,5.76E-06,46.93871528,5.20047289,0.512799769
str_m5_o11_o16_sra_sym.4,0.000292138,5.97E-06,48.93433836,5.940620359,0.54487146
str_m5_o11_o16_sra_sym.80,0.000262905,5.79E-06,45.40673575,6.027080716,0.532239753
str_m5_o11_o16_sra_sym.83,0.000387571,4.81E-06,80.57609148,4.314865344,0.41982942
str_m5_o11_o18_sra_sym.132,0.000412617,7.91E-06,52.16396966,6.53425064,0.701904617
str_m5_o11_o18_sra_sym.22,0.00029449,6.17E-06,47.72933549,4.652431298,0.535122758
str_m5_o11_o18_sra_sym.57,0.000372316,7.66E-06,48.60522193,5.136102901,0.675774625
str_m5_o12_o18_sra_sym.99,7.13E-05,1.74E-06,40.97701149,1.974142943,0.164237104
str_m5_o13_o16_sra_sym.13,0.000479835,5.31E-07,903.6440678,2.484407512,0.051934851
str_m5_o13_o22_sra_sym.235,9.02E-05,2.82E-06,31.9858156,1.839801747,0.239733798
str_m5_o16_o16_sra_sym.3,0.000391716,5.44E-06,72.00661765,7.432168141,0.51267807
str_m5_o16_o16_sra_sym.43,0.000404563,8.02E-06,50.44426434,6.346011291,0.665599567
str_m5_o16_o19_sra_sym.15,0.000475501,7.53E-06,63.14754316,5.088147008,0.645957019
str_m5_o16_o24_sra_sym.108,0.000521336,5.56E-06,93.76546763,4.604423747,0.479989905
str_m5_o16_o24_sra_sym.92,0.000624805,6.59E-06,94.81107739,5.190966232,0.565622963
str_m5_o17_o22_sra_sym.36,6.73E-05,3.42E-06,19.67836257,2.248454968,0.305151239
str_m5_o17_o22_sra_sym.44,5.70E-05,2.79E-06,20.43010753,2.251851998,0.256419098
str_m5_o18_o18_sra_sym.57,0.000505546,1.06E-05,47.69301887,6.786228368,0.964781284
str_m5_o18_o19_sra_sym.43,0.000807729,1.41E-05,57.28574468,5.499434762,1.010446347
str_m5_o18_o19_sra_sym.88,0.000442715,1.03E-05,42.98203883,6.69126437,0.870594218
str_m5_o18_o22_sra_sym.67,0.000412887,7.70E-06,53.62168831,5.591658775,0.664234147
str_m5_o18_o24_sra_sym.80,0.000480682,6.02E-06,79.84750831,5.650286727,0.53322718
str_m5_o18_o29_sra_sym.17,2.46E-05,8.58E-07,28.67132867,1.173505413,0.081787073
str_m5_o2_o17_sra_sym.25,0.000409739,5.53E-06,74.09385172,5.871980106,0.514551184
str_m5_o2_o19_sra_sym.116,0.000545512,9.24E-06,59.03809524,4.929125507,0.764232122
str_m5_o2_o19_sra_sym.12,0.000181757,2.91E-06,62.45945017,5.316325978,0.282333753
str_m5_o2_o19_sra_sym.141,0.000241861,5.18E-06,46.69131274,3.773329792,0.449620044
str_m5_o2_o19_sra_sym.53,0.00024257,5.11E-06,47.46966732,3.836198366,0.445024121
str_m5_o2_o19_sra_sym.7,0.000424787,5.99E-06,70.91602671,3.947473262,0.498086252
str_m5_o2_o20_sra_sym.119,0.00144303,8.12E-06,177.7130542,4.079975342,0.59243712
str_m5_o25_o25_sra_sym.42,0.000220556,3.68E-06,59.93369565,3.707566945,0.347137609
str_m5_o4_o16_sra_sym.35,0.000341892,5.05E-06,67.70138614,4.46873181,0.443809041
str_m5_o4_o16_sra_sym.5,0.000431605,6.76E-06,63.84689349,6.154336944,0.604260762
str_m5_o4_o16_sra_sym.60,0.00072385,8.48E-06,85.35966981,5.531780204,0.691100194
str_m5_o4_o16_sra_sym.65,0.00061974,6.40E-06,96.834375,6.365589073,0.580768564
str_m5_o4_o16_sra_sym.66,0.000511994,7.22E-06,70.9132964,5.189092672,0.614607217
str_m5_o4_o18_sra_sym.107,0.000338777,7.94E-06,42.66712846,5.131873749,0.664831474
str_m5_o4_o24_sra_sym.100,8.55E-05,4.57E-06,18.70897155,3.071474658,0.405796518
str_m5_o4_o4_sra_sym.69,6.88E-05,1.79E-06,38.43575419,1.597338214,0.15717238
str_m5_o5_o16_sra_sym.88,0.00073894,7.36E-06,100.3994565,5.428266911,0.596611475
str_m5_o5_o18_sra_sym.78,0.000336846,7.70E-06,43.74623377,4.710122207,0.659713315
str_m6_o42_o47_etb_sym.114,1.59E-05,1.08E-06,14.72222222,0.831931012,0.100955301
str_m6_o42_o49_etb_sym.13,1.59E-05,1.36E-06,11.69117647,1.143999606,0.124704522
str_m6_o43_o48_etb_sym.93,2.95E-05,7.38E-07,39.97289973,0.884354266,0.070144971
str_m6_o46_o55_etb_sym.130,3.81E-05,1.09E-06,34.95412844,0.934881629,0.088366461
str_m6_o46_o55_etb_sym.75,3.06E-05,1.55E-06,19.74193548,1.060020744,0.128210641
str_m6_o46_o56_etb_sym.177,2.71E-05,2.04E-06,13.28431373,1.380080583,0.180047415
str_m6_o46_o56_etb_sym.5,6.96E-05,1.94E-06,35.87628866,1.397123596,0.15647067
str_m6_o46_o56_etb_sym.58,6.59E-05,9.67E-07,68.14891417,0.795798291,0.08069089
str_m6_o46_o57_etb_sym.19,7.06E-05,2.58E-06,27.36434109,1.420939488,0.216717388
str_m6_o46_o57_etb_sym.22,9.29E-05,3.25E-06,28.58461538,1.297133953,0.249513553
str_m6_o46_o57_etb_sym.3,7.07E-05,1.16E-06,60.94827586,1.56660926,0.101741513
str_m6_o47_o49_etb_sym.75,2.36E-05,8.82E-07,26.75736961,0.659222175,0.076224149
str_m6_o47_o55_etb_sym.65,3.27E-05,1.76E-06,18.57954545,1.094932302,0.151989563
str_m7_o10_o24_bcu_sym.128,0.000281741,6.08E-06,46.33898026,5.396920716,0.524642404
str_m7_o10_o24_bcu_sym.56,0.000314758,6.26E-06,50.28083067,4.167956314,0.519708779
UFUMUD,0.000388992,9.58E-06,40.6045929,2.978212807,0.792170665
UIO66-NH2,0.000149871,2.78E-06,53.91043165,3.73343806,0.243766069
ZnTBAPy4,0.000617479,1.48E-05,41.72155405,5.250498443,0.997789
