Label,Source,Formula,Density (g.cm⁻³),PLD (Å),Cp (J.g⁻¹.K⁻¹),Link to Publication
AlTBAPy,Experimental,Al8 H96 C176 O40,0.807874,7.17877,0.97940674,10.1038/s41586-019-1798-7
AlTCPP,Experimental,Al4 H56 C96 N8 O20,0.801547,5.27796,0.984174699,10.1002/anie.201202471
AlTCPP-FF2,Experimental,Al4 H56 C96 N8 O20,0.801547,5.27796,0.984174699,10.1002/anie.201202471
CALF20,Experimental,Zn4 H8 C12 N12 O8,1.58017,2.91022,0.721066,10.1126/science.abi7281                                              
Ca-SQA,Experimental,Ca8 H16 C32 O40,1.53549,3.28143,0.910195427,10.1021/acs.energyfuels.1c01642
CAU10,Experimental,Al8 H40 C64 O40,1.14797,3.87621,0.962677565,10.1039/C6TA01757F
CAU21,Experimental,Al16 H144 C240 O96,1.15141,3.10188,0.989587496,10.1021/acs.inorgchem.0c00840                                        
CuAlPyC,Experimental,Al16 Cu16 H96 C128 N64 O88,1.43211,3.93233,0.842261,Not Available
CuAlPyC-FF2,Experimental,Al16 Cu16 H96 C128 N64 O88,1.43211,3.93233,0.842261,Not Available
DAZMID,Experimental,Al8 H72 C120 O48,1.14265,3.45727,0.988294857,10.1021/acs.inorgchem.7b00202                                        
ddmof_16520,In Silico,Zn14 H20 C64 N32 O40,1.63786,3.14575,0.738486584,10.1021/acsami.1c16220                                               
ddmof_16703,In Silico,Co8 H124 C120 O40,0.92845,4.07164,0.959458478,10.1021/acsami.1c16220                                               
ddmof_21502,In Silico,Ni8 H76 C120 O28,1.18524,4.40833,0.915860161,10.1021/acsami.1c16220                                               
ddmof_2168,In Silico,Ni16 H48 C112 O56 F36,1.22069,3.52409,0.800510715,10.1021/acsami.1c16220
ddmof_22214,In Silico,Zn24 H192 C300 O84,1.01504,4.27245,0.870567279,10.1021/acsami.1c16220
ddmof_22243,In Silico,Zn24 H228 C360 O84,1.07564,4.71638,0.901633708,10.1021/acsami.1c16220
ddmof_22389,In Silico,Ni8 H76 C168 N12 O52,1.28807,4.12712,0.896346991,10.1021/acsami.1c16220
ddmof_22800,In Silico,Cd8 H52 C80 O34,1.45179,3.89912,0.681585831,10.1021/acsami.1c16220
ddmof_22900,In Silico,Ni8 H22 C54 O28 F18,1.12931,4.02259,0.797980885,10.1021/acsami.1c16220
ddmof_22908,In Silico,Cd4 H56 C86 O17,1.07914,3.66645,0.787520143,10.1021/acsami.1c16220
ddmof_23350,In Silico,Zn14 H168 C264 O40,0.987478,4.4415,0.922509331,10.1021/acsami.1c16220
ddmof_23421,In Silico,Ni64 H608 C480 O224,0.932942,4.60922,0.879651868,10.1021/acsami.1c16220
ddmof_23639,In Silico,Ni32 H304 C480 O112,1.05484,3.78039,0.918994156,10.1021/acsami.1c16220
ddmof_23741,In Silico,Ni24 H228 C360 O84,1.06214,4.08131,0.921428899,10.1021/acsami.1c16220
ddmof_23744,In Silico,Zn8 H76 C120 O28,1.18806,4.65752,0.899161816,10.1021/acsami.1c16220
ddmof_3313,In Silico,Co12 H64 C144 O42,1.47101,3.27352,0.911236421,10.1021/acsami.1c16220
ddmof_6878,In Silico,Co12 H36 C136 O42 F72,1.20662,3.47927,0.805154439,10.1021/acsami.1c16220
ddmof_6949,In Silico,Co12 H24 C124 N12 O42 F72,1.22662,3.74266,0.794400533,10.1021/acsami.1c16220
ddmof_7975,In Silico,Ni18 H114 C216 O78,1.12428,3.83594,0.895828783,10.1021/acsami.1c16220
MgMOF74,Experimental,Mg6 H6 C24 O18,0.878586,11.06654,0.812869153,10.1021/acs.jpcc.6b03393                                             
MIL-160-Al,Experimental,Al8 H24 C48 O48,1.0947,4.36983,0.921517469,10.1002/ejic.201800323
MIL-53-NH2-Al,Experimental,Al8 H48 C64 N8 O40,1.05569,6.23576,0.992285312,10.1039/C2CE26586A
MIL-96-Al,Experimental,Al24 H88 C108 O116,1.1364,3.81919,0.973830052,10.1021/acs.chemmater.7b03203
RSM0011,Experimental,Ni2 H2 C10 O8,1.67997,3.10143,0.721502512,10.1107/S1600536803019196
RSM0016,Experimental,Ag2 H16 C4 N4,1.58797,3.73766,0.643412158,10.1038/ncomms5337
RSM0022,Experimental,Eu2 H6 C12 O12,1.57941,4.34585,0.597796888,Not Available
RSM0042,Experimental,Tb2 H4 C14 N4 O12,2.7228,3.12937,0.567373047,10.1039/c0ce00340a
RSM0047,Experimental,Cd4 H12 C8 N12,1.06941,4.21013,0.753949382,10.1007/BF01045982                                                   
RSM0055,Experimental,Mn1 H12 C18 N6,1.26024,4.52542,0.943896041,10.1021/cg9015004
RSM0056,Experimental,Fe2 H10 C16 O10,0.960972,7.44909,0.867489975,10.1021/cm1008587
RSM0059,Experimental,Cu2 H8 C16 N8 O4,1.15609,4.71021,0.78162068,10.1021/cm2004352
RSM0068,Experimental,Al4 H10 C10 O16,1.53851,3.93627,0.961280916,10.1021/cm9023106
RSM0079,Experimental,Cd4 P4 H4 C4 O24,2.19272,3.49389,0.574922302,10.1039/C5DT01613D
RSM0081,Experimental,Mn1 H14 C20 N6,1.12578,5.17521,0.961403631,10.1021/cg9015004
RSM0086,Experimental,Zn2 H4 C20 O16,1.05817,3.74872,0.802924156,10.1016/j.inoche.2009.09.007
RSM0096,Experimental,U2 H4 C20 O16,1.62338,4.48458,0.520410282,10.1002/ejic.201500204
RSM0097,Experimental,Ni2 H4 C20 O16,1.45393,2.97524,0.808336863,10.1107/S1600536807030978
RSM0107,Experimental,Nd2 H6 C18 N6 O12,2.00053,5.73988,0.640592767,10.1021/acs.inorgchem.6b02774
RSM0109,Experimental,Pr2 H6 C18 N6 O12,1.9277,6.23916,0.64725491,10.1021/acs.inorgchem.6b02774
RSM0118,Experimental,Cu4 H8 C16 O16,1.65882,5.14427,0.711739527,10.1039/C5CE00326A
RSM0136,Experimental,Cd6 H16 C8 Cl12 O4,1.82777,3.59321,0.489153655,10.1107/S1600536810048634
RSM0145,Experimental,Fe3 Co3 H6 C18 O18,0.965581,4.59225,0.69990773,10.1038/ncomms6723
RSM0148,Experimental,Cu4 H8 C18 N8 O10,1.5842,3.88627,0.728756238,10.1039/C5RA15937G
RSM0151,Experimental,La2 H4 C24 O18,1.02156,4.58576,0.687627526,10.1016/j.molstruc.2011.07.032
RSM0158,Experimental,Zn3 H12 C20 N6 O8,1.13241,3.85839,0.787534327,10.1039/C5TA10765B
RSM0171,Experimental,Zn6 P4 H8 C8 O24,2.35968,3.86404,0.656631132,10.1016/j.jssc.2011.02.023
RSM0172,Experimental,Cu2 H20 C16 N12,1.04649,3.51571,0.87447878,10.1021/ic3026304
RSM0175,Experimental,Nd2 H12 C24 O12,1.4607,4.01738,0.680410597,10.1016/j.ica.2007.10.043
RSM0177,Experimental,Ho2 H12 C24 O12,1.41791,3.85858,0.639669382,10.1002/anie.201003900
RSM0191,Experimental,Cs2 Tb2 Mo2 H8 C18 N16 O2,1.7023,3.42388,0.611101987,10.1080/15533174.2010.486813                                         
RSM0195,Experimental,Y2 H12 C24 O12,1.3916,3.93012,0.801686515,10.1002/anie.201003900
RSM0199,Experimental,U3 H18 C18 O12,2.32691,3.77309,0.43512314,10.1021/cg500828s
RSM0220,Experimental,Al4 H12 C16 O20,1.0819,5.06576,0.925356939,10.1002/anie.201410459
RSM0226,Experimental,Cu2 H16 C24 N4 O8,1.58362,3.6813,0.860201572,10.1039/b200213b
RSM0227,Experimental,Fe6 H6 C24 S6 O12,1.08543,10.81385,0.687549035,10.1021/jacs.5b02897                                                 
RSM0228,Experimental,Zn6 H6 C24 O18,1.26413,10.77419,0.676741058,10.1002/chem.200701370
RSM0229,Experimental,Mn2 P4 H20 C16 O12,1.40474,3.26216,0.904875975,10.1039/C4CE00375F
RSM0230,Experimental,Ni6 H6 C24 O18,1.18585,10.74968,0.700802445,10.1039/C6CC04808K
RSM0234,Experimental,Co6 H6 C24 O18,1.14965,11.02783,0.712902232,10.1039/C4SC02064B
RSM0235,Experimental,Eu2 H16 C20 N2 O14,1.94365,3.2179,0.703170991,10.1039/c0nj00373e
RSM0239,Experimental,Cd6 H12 C12 N18 Cl6,1.83821,3.65839,0.511068503,10.1039/c0ce00762e
RSM0243,Experimental,Co2 H16 C24 N4 O8,1.36002,3.7827,0.896553284,10.3866/PKU.WHXB201206123
RSM0247,Experimental,Mg3 H8 C24 S4 O16,1.29179,3.56399,0.832449769,10.1039/C5CE01886B
RSM0248,Experimental,Cd3 H8 C24 O20,1.65675,3.17815,0.687932161,10.1039/C4DT01678E
RSM0258,Experimental,La4 H16 C16 O20,2.00754,3.06698,0.595094115,10.1107/S0108270107034245
RSM0270,Experimental,Gd4 H8 C20 O24,1.95219,3.89501,0.556123427,10.1039/C5NJ01229E
RSM0277,Experimental,La2 H12 C18 O24,1.53467,4.36006,0.7380747,10.1039/b306838b
RSM0278,Experimental,Sr4 H8 C24 S4 O16,1.47136,4.61998,0.688564936,10.1021/cg301471r
RSM0281,Experimental,Li4 H16 C24 N4 O8,1.17988,3.6804,1.102309429,10.1002/anie.200906322
RSM0285,Experimental,La4 H8 C20 O24,1.78228,3.80446,0.600442614,10.1002/zaac.200800182
RSM0287,Experimental,Cd2 Ni2 H24 C14 N14,1.04542,4.46868,0.858637803,10.1039/dt9940001237
RSM0288,Experimental,Ca4 H8 C24 O20,1.16343,3.72987,0.88030677,Not Available
RSM0290,Experimental,Mg4 H16 C16 O20,1.41371,2.95585,0.905698682,10.1021/ja8075692
RSM0299,Experimental,Co3 H12 C20 N16 Cl6,1.18607,5.86361,0.750081636,10.1039/b502209f
RSM0304,Experimental,Co2 H20 C24 N4 O6 F2,1.38626,3.14726,0.920147605,10.1039/C3CE40162F
RSM0308,Experimental,Zn2 H24 C18 N8 O6,1.338,4.07165,0.902364544,10.1002/anie.201307074
RSM0309,Experimental,Cu6 P4 H16 C12 O20,1.72645,5.23026,0.679246761,10.1107/S0108270185008745
RSM0313,Experimental,In2 H8 C24 N8 O16,1.39782,3.06464,0.75535,10.1021/cg201572y
RSM0316,Experimental,Mn4 Mo2 H8 C24 N20,1.69504,3.13033,0.845509123,10.1246/bcsj.80.960
RSM0322,Experimental,Cd3 H14 C30 O12,1.55474,3.20995,0.690644955,10.1021/cg300617h
RSM0324,Experimental,Zn4 H8 C28 N4 O16,1.49643,3.04623,0.755912001,10.1021/ja060946u
RSM0327,Experimental,Cu2 H28 C20 I2 N8,1.88652,3.81251,0.738124865,10.1021/ic500677t
RSM0328,Experimental,La2 H14 C30 O14,1.47798,3.93627,0.717402235,10.1021/cg100078b
RSM0331,Experimental,La2 P4 H26 C12 N4 O12,2.04723,4.09184,0.690079315,10.1016/j.jssc.2009.07.019
RSM0337,Experimental,Mn2 H18 C30 N2 O8,1.21341,3.77403,0.882958063,10.1002/chem.201101321
RSM0342,Experimental,Cu2 H28 C20 Br2 N8,1.77352,3.93228,0.814667575,10.1021/cg800624z
RSM0366,Experimental,Cu2 H16 C37 O8,0.52826,7.55944,0.910373452,10.1039/C6CE00407E                                                   
RSM0369,Experimental,Ca1 H20 C34 O8,1.33585,3.37065,0.966810843,10.1021/acs.chemmater.5b03792
RSM0372,Experimental,V4 Ni2 H20 C24 N4 O10,1.26014,3.77131,0.822227174,10.1021/ic302662x
RSM0386,Experimental,Tb4 H12 C24 O24,1.58232,4.41463,0.577930703,Not Available
RSM0398,Experimental,La2 H16 C30 N2 O14,1.54932,3.95998,0.742581487,10.1021/cg200350j
RSM0400,Experimental,Zn4 H16 C24 N12 O8,1.54224,3.56674,0.777590718,10.1021/cm051829l
RSM0402,Experimental,V4 Co2 H20 C24 N4 O10,1.25814,3.60906,0.812850835,10.1021/ic302662x
RSM0418,Experimental,La2 H18 C30 O16,1.53605,4.00347,0.760859258,10.1021/cg100078b
RSM0423,Experimental,Zn2 Ni2 H16 C30 N14 O2,1.13655,3.94115,0.891999823,10.1039/c1ce05699a
RSM0424,Experimental,Co6 H6 C24 N12 O18,1.35983,6.13283,0.80221033,10.1039/C7SC00449D
RSM0426,Experimental,Sm2 H16 C32 O16,1.30261,2.96702,0.731296216,10.1002/anie.200900134
RSM0429,Experimental,Mg2 H12 C32 N4 O16,0.699794,5.9686,0.913689013,10.1016/j.molstruc.2016.12.005
RSM0431,Experimental,Mn2 H20 C30 N2 O12,1.17122,4.07337,0.920374729,10.1002/chem.200901707
RSM0433,Experimental,Cd3 H12 C36 O16,1.41889,3.5893,0.725665357,10.1021/cg301224z
RSM0439,Experimental,Zn4 P4 H20 C20 N4 O16,1.83746,3.14437,0.784047954,10.1016/j.jssc.2005.10.010
RSM0441,Experimental,Ag8 H12 C28 N4 O16,2.75795,3.16167,0.536449341,10.1016/j.jssc.2009.04.012
RSM0444,Experimental,H16 Pb4 C32 O16,1.85782,5.34063,0.500322234,10.1002/chem.200600730
RSM0445,Experimental,Cu4 H24 C24 N8 O8,0.613047,8.31254,0.863169861,10.1002/chem.201201820
RSM0453,Experimental,Mn6 P4 H6 C12 O40,1.6806,3.73689,0.76962499,10.1039/C5DT00431D
RSM0454,Experimental,Mn8 H12 C4 S4 N20 O20,1.94376,4.32167,0.739816312,10.1021/cg100127w
RSM0455,Experimental,Na2 Cu2 H16 C32 O16,1.2487,3.47726,0.851174098,10.1016/j.inoche.2013.09.076
RSM0457,Experimental,La4 H16 C24 O24,1.70067,4.14497,0.643391575,10.1021/acs.cgd.5b00426
RSM0458,Experimental,Lu2 H22 C24 N6 O14,1.62981,4.62542,0.724430835,10.1021/acs.cgd.6b00274
RSM0460,Experimental,Zn2 H20 C32 N6 O8,1.37635,3.36635,0.895145527,10.1039/C4RA00180J
RSM0462,Experimental,Er4 H4 C28 N8 O24,2.15382,3.01467,0.564997514,10.1039/b810964h
RSM0464,Experimental,Mn4 H16 C32 O16,1.19925,3.1808,0.834863874,10.1016/j.jssc.2011.10.051
RSM0473,Experimental,Ca2 H16 C36 O16,1.11541,4.93731,0.93003027,Not Available                                                        
RSM0478,Experimental,Ni4 H16 C28 N4 O18,1.48801,3.00963,0.80960484,Not Available                                                        
RSM0486,Experimental,Cu4 H6 W12 C10 N4 O34,2.88416,4.76797,0.342682931,10.1016/j.inoche.2009.09.032
RSM0488,Experimental,Zn2 H24 C32 N4 O8,0.929865,4.45036,0.917762604,10.1039/C6CE02122K
RSM0492,Experimental,Co2 H24 C32 N4 O8,1.23183,3.7805,0.942493758,10.1039/c2dt31361h
RSM0493,Experimental,Tb2 Zn2 H12 C30 N4 O20,1.95279,2.7335,0.672105981,10.1016/j.poly.2015.06.022
RSM0494,Experimental,Mg2 H16 C36 O16,1.09284,4.93175,0.946855,10.1039/C6DT02359B
RSM0496,Experimental,Cd3 H12 C32 N4 O20,1.55102,3.4869,0.720998039,10.1039/C6CE01287F                                                   
RSM0497,Experimental,Sm4 H8 C28 N8 O24,1.88705,2.90777,0.609806284,10.1021/ic201013v
RSM0498,Experimental,Li8 H16 C32 O16,0.986702,5.52024,1.090074618,10.1021/cg701173x
RSM0505,Experimental,Cu6 H12 C18 N24 O12,1.73024,6.14003,0.748206022,Not Available
RSM0508,Experimental,Co1 Mo6 H20 C24 N12 O9,1.95877,2.94799,0.635560937,10.1039/c002063j
RSM0516,Experimental,Al4 H16 C32 O20,1.04013,6.88785,0.902929205,10.1038/nchem.2114
RSM0532,Experimental,Tb4 H8 C28 N8 O24,1.9749,3.01519,0.594908967,10.1021/ic201013v
RSM0534,Experimental,Tb4 H8 C24 S4 N4 O28,1.49948,3.43242,0.60656851,10.1021/ja045123o
RSM0537,Experimental,Sc4 H16 C32 O20,0.998811,7.19101,0.889255417,10.1039/c1cc11168j
RSM0544,Experimental,Ni2 H22 C36 N4 O9,1.22008,3.63609,0.90477932,10.1021/ic0520418
RSM0545,Experimental,Zn3 H24 C30 S2 N6 O8,1.4885,2.87929,0.843421134,10.1039/a909748a
RSM0549,Experimental,Tb4 H12 C28 S2 N4 O24,2.08622,3.41082,0.587790271,10.1016/j.inoche.2016.08.009
RSM0551,Experimental,Gd8 H4 C4 S10 O48,3.387,2.71825,0.470099828,10.1021/acs.inorgchem.5b00214
RSM0557,Experimental,Zn2 H28 C34 N2 O8,1.36014,4.44757,0.90460405,10.1039/C5DT02323H
RSM0568,Experimental,La2 H18 C42 O12,1.61396,4.80384,0.743585515,10.1039/C5SC02679B
RSM0572,Experimental,Ag2 H16 C40 S8 N8,1.33018,4.49086,0.793547013,10.1039/b810479d
RSM0573,Experimental,U4 H20 C32 O18,2.25089,2.9839,0.475825228,10.1039/C4CE02307B
RSM0576,Experimental,Cd6 H16 C24 O28,1.60056,5.88994,0.63756285,10.1021/cg901605j
RSM0583,Experimental,Dy2 Cu1 H12 C32 N4 O24,1.81011,3.04709,0.704567236,10.1039/B712280B
RSM0588,Experimental,Zn3 H28 C30 N2 O12,0.948768,5.12176,0.865192458,10.1021/cg0701022
RSM0594,Experimental,Pr2 Cu1 H12 C32 N4 O24,1.67444,3.03752,0.726812068,10.1039/B712280B
RSM0602,Experimental,Y4 H12 C36 O24,1.30023,6.49998,0.744589285,10.1021/ja801411f
RSM0604,Experimental,Er4 H12 C36 O24,1.64303,6.39183,0.578830166,10.1021/ic101294s
RSM0622,Experimental,Sr2 Ni2 H20 C28 N4 O20,1.61736,4.14457,0.820056475,10.1039/C3CE41975D
RSM0624,Experimental,Ni4 H12 C36 O24,0.94962,5.20908,0.811148826,10.1039/C3DT51103K
RSM0628,Experimental,Er4 H12 C36 O24,1.30215,4.06975,0.573762686,10.1021/ic061666i
RSM0631,Experimental,Ho4 H12 C36 O24,1.62622,6.38572,0.58250357,10.1016/j.colsurfa.2015.10.048
RSM0632,Experimental,Lu4 H12 C32 N4 O24,2.28917,2.99754,0.571510836,10.1002/ejic.200700810
RSM0633,Experimental,Sc4 H20 C32 O20,1.14179,3.65904,0.921437085,10.1016/j.micromeso.2010.12.016
RSM0634,Experimental,Zn4 H16 C28 N12 O16,1.34823,2.81499,0.793506145,10.1039/C4CC00553H
RSM0637,Experimental,Co4 H22 C30 N4 O16,1.43905,4.00967,0.825239251,10.1021/acs.inorgchem.5b02340
RSM0641,Experimental,Mn4 Ag4 H16 C32 N12 O8,2.02421,3.80759,0.696045768,10.1246/cl.2009.992
RSM0644,Experimental,In4 H4 C32 O20 F16,1.50659,5.01237,0.689652667,10.1021/acs.cgd.6b00488
RSM0645,Experimental,Mn4 H16 Au4 C32 N12 O8,2.59612,3.75536,0.536727735,10.1246/cl.2009.992
RSM0647,Experimental,Cd4 H12 C36 O24,1.17451,4.00048,0.686850498,10.1080/15533174.2013.865223
RSM0656,Experimental,Zn4 H14 C36 O24,1.55626,3.05033,0.813417421,10.1039/b922690g
RSM0658,Experimental,Dy2 H22 C42 O12,1.53034,4.2881,0.724053506,10.1016/j.inoche.2012.04.027
RSM0662,Experimental,Mn6 P6 H24 C18 N6 O18,1.19627,12.19042,0.781367021,10.1016/j.micromeso.2011.12.003
RSM0663,Experimental,Dy2 Cu2 H16 C32 N10 O16,1.80464,3.15323,0.687401864,10.1039/c3ce40346g
RSM0664,Experimental,Tb2 H22 C42 O12,1.59049,4.1115,0.73975139,10.1016/j.inoche.2012.04.027
RSM0666,Experimental,Ho2 Cu2 H16 C32 N10 O16,1.83815,3.19142,0.682687572,10.1039/c3ce40346g
RSM0674,Experimental,La2 H18 C42 S6 O12,1.29113,7.61844,0.731976536,10.1039/C3CC43384F
RSM0676,Experimental,In4 H12 C36 O28,1.84632,4.17758,0.694245943,10.1021/ic0494962
RSM0682,Experimental,Cd4 Cu4 H16 C24 O32,1.85143,3.31507,0.645337805,10.1016/j.ica.2013.09.026                                            
RSM0686,Experimental,Ce2 H18 C42 S6 O12,1.30117,7.60218,0.729873681,10.1039/C3CC43384F
RSM0699,Experimental,Nd2 H24 C42 O12,0.999002,6.98075,0.772869099,10.1039/b803168a
RSM0700,Experimental,Zn4 H12 C32 S4 O28,1.21233,3.81987,0.768708117,10.1021/acs.inorgchem.6b01759                                        
RSM0706,Experimental,Zn2 H26 C44 N2 O8,0.538711,8.86662,0.912585456,10.1021/cm303749m                                                    
RSM0716,Experimental,U4 H24 C32 N4 O18,2.15148,3.2245,0.509921922,10.1039/C4CE02307B
RSM0718,Experimental,Ce4 H24 C24 O30,1.6526,3.20561,0.682311792,10.1002/zaac.200390014
RSM0724,Experimental,Mn4 H8 C40 S12 O18,1.66825,2.90832,0.757456362,10.1039/b817418k
RSM0728,Experimental,Zn8 H12 C36 O26,1.31887,4.62934,0.70651083,10.1016/j.inoche.2008.07.001
RSM0740,Experimental,Zn2 H34 C36 N8 O4,1.16932,3.18925,0.953108533,10.1002/ejic.200400438
RSM0748,Experimental,Zn6 H36 C24 N18,1.42666,3.21633,0.832931256,10.1021/ic802446m
RSM0752,Experimental,Zn2 H26 C44 N4 O8,0.491139,11.01661,0.910884551,10.1021/cm303749m
RSM0753,Experimental,Cd2 Ni2 H42 C26 N12,1.41013,3.85424,0.916363572,10.1007/BF01153298
RSM0760,Experimental,Eu4 H12 C36 N4 O28,1.12696,5.05778,0.660286861,10.1021/cg500114k
RSM0765,Experimental,Cd6 H12 C30 N12 O24,1.87818,3.47378,0.624050493,10.1039/C5DT02374B                                                   
RSM0782,Experimental,Co3 H24 C38 N12 O8,1.15882,4.89498,0.874655573,10.1039/C3QI00045A
RSM0783,Experimental,Mn3 H24 C38 N12 O8,1.10153,5.00717,0.896420615,Not Available
RSM0788,Experimental,In4 Co2 H12 C36 Br4 O28,1.72026,3.06042,0.594705997,10.1007/s10876-015-0889-3
RSM0789,Experimental,Cu4 H32 C40 N8 Cl2,1.34684,5.23224,0.830085242,10.1002/ejic.200500877
RSM0794,Experimental,Zn4 H12 C36 O18 F16,1.42889,2.92895,0.806363187,10.1021/cg200974h
RSM0795,Experimental,Pr2 H24 C48 O12,1.19755,3.41956,0.777310342,10.1039/C5DT03946K
RSM0796,Experimental,Cd2 H28 C40 N8 O8,1.36937,2.93828,0.83446496,10.1021/cg401811c
RSM0811,Experimental,Zn8 H12 C36 I4 O28,1.68854,2.97917,0.58163627,10.1016/j.inoche.2007.11.008
RSM0816,Experimental,Cu8 H16 C32 O32,1.83557,5.79043,0.702802468,10.1016/j.poly.2012.04.012
RSM0820,Experimental,Cu4 H28 C32 N8 O16,1.23965,3.35457,0.824489193,10.1021/ic0258577
RSM0825,Experimental,Mn4 H28 C36 N4 O16,1.26918,3.48462,0.897278028,10.1002/ejic.200500568
RSM0830,Experimental,Cu4 H16 C36 N16 O16,1.09695,3.77204,0.802523187,10.1021/ic1017467
RSM0841,Experimental,U4 P8 H16 C24 O32 F4,1.93048,2.98027,0.541290832,10.1002/ejic.201402764
RSM0844,Experimental,La2 Ni3 H30 C24 N6 O24,1.78987,4.78872,0.747732464,Not Available
RSM0848,Experimental,In6 H8 C40 O36,1.67687,5.82928,0.655696611,10.1002/ejic.200400968
RSM0850,Experimental,La2 Zn2 H20 C40 N6 O20,1.41619,3.5881,0.744721424,10.1016/j.jssc.2014.01.003
RSM0851,Experimental,Mg4 H20 C32 O34,0.807308,4.89494,0.921926079,10.1021/acs.inorgchem.5b00539
RSM0853,Experimental,Ag2 H40 C40 N8,1.28543,3.73668,0.894285195,10.1039/C4CE00816B
RSM0858,Experimental,Li4 H48 C24 Cl2 O12,0.965907,3.45254,1.246775956,10.1016/S0020-1693(99)00380-1
RSM0860,Experimental,Fe6 H30 C30 O24,1.3651,5.67342,0.882397786,10.1016/j.micromeso.2011.12.035
RSM0862,Experimental,Zn3 H34 C44 O10,0.811406,12.23749,0.92505176,10.1021/cg400376g
RSM0871,Experimental,Zn4 H24 C32 O32,1.13637,3.29672,0.910009531,10.1021/cg901114e
RSM0881,Experimental,Cu4 H16 C44 N4 O24,1.31146,3.37051,0.828115429,10.1021/ic049363g
RSM0888,Experimental,Gd4 H16 C48 O24,1.87081,3.18399,0.628205141,10.1021/cg401452p
RSM0892,Experimental,Co4 H28 C36 N16 O8,1.18393,3.41047,0.86547156,10.1021/cg500121f                                                    
RSM0895,Experimental,Co4 H24 C48 O16,1.29539,2.90679,0.846791762,10.1016/j.solidstatesciences.2012.07.011
RSM0903,Experimental,Co5 H32 C34 N4 O18,1.66622,3.61797,0.837814258,10.1039/C6DT04626F
RSM0904,Experimental,Zn2 H32 C41 N4 O14,1.34219,3.27626,0.93064765,10.1021/cg201362x
RSM0913,Experimental,Er2 H28 C48 N4 O12,1.6104,2.99839,0.75008729,10.1021/ic100822s
RSM0915,Experimental,Tb4 H36 C30 O24,2.05809,3.06382,0.655474921,10.1080/00958970701194074
RSM0919,Experimental,Er2 H28 C40 N10 O14,1.72007,3.07691,0.768284789,10.1021/acs.inorgchem.6b00217
RSM0921,Experimental,Mn2 H32 C48 N4 O8,1.2795,4.3018,0.959500656,Not Available                                                        
RSM0937,Experimental,Mn4 Ge8 H32 C24 S12 O16,1.49715,5.03569,0.670742197,10.1002/chem.200902921                                               
RSM0938,Experimental,Zn8 P12 H28 C12 O36,1.90234,3.97333,0.714884332,10.1021/ic060608u
RSM0946,Experimental,Ca6 H18 C42 N6 O24,0.950282,5.16233,0.877993408,10.1021/cg300093h
RSM0953,Experimental,Li8 H32 C40 N8 O8,0.984903,3.14472,1.18118392,10.1039/c1cc11245g
RSM0956,Experimental,Ag4 H24 C40 N24 O4,1.34009,4.31642,0.727763373,10.1039/b508479b
RSM0962,Experimental,Mn2 H32 C48 N4 O10,1.06351,3.99236,0.957196042,10.1002/ejic.200501155
RSM0964,Experimental,V4 H32 C40 O20,1.12369,5.45815,0.93723852,10.1021/ic201396m
RSM0966,Experimental,Cu8 H12 C40 O36,1.42153,6.77624,0.731455289,10.1002/zaac.201400177
RSM0969,Experimental,Tb4 H20 C36 N4 O32,1.11597,5.31813,0.656982595,10.1039/C5CC01181G
RSM0975,Experimental,Cu2 H24 C24 N48,1.22424,3.38874,0.890702339,10.1080/00958972.2014.935770
RSM0981,Experimental,Co2 H36 C44 N8 O8,1.01115,3.41367,0.959502545,10.1021/cg201025u
RSM0996,Experimental,Cd5 H24 C44 N10 O16,1.68356,4.01878,0.688675006,10.1016/j.ica.2014.12.002
RSM1002,Experimental,Tb4 H36 C36 O24,1.20664,5.24299,0.64066117,10.1021/cg800204q
RSM1005,Experimental,Y4 H24 C48 O24,1.27152,4.79199,0.801437969,10.1002/anie.201003900
RSM1007,Experimental,Cu4 H24 C48 N24,1.16729,4.51538,0.808748939,10.1039/b600306k
RSM1019,Experimental,Mg6 Cu2 H18 C42 N6 O26,0.968202,3.84882,0.827455067,10.1021/jacs.6b07901
RSM1026,Experimental,Zn10 P8 H18 C16 O48,2.26869,4.13252,0.695985401,10.1002/zaac.200900218
RSM1028,Experimental,Cu12 H16 W4 C32 S16 N20,1.84002,3.70575,0.527546138,10.1002/chem.201404803
RSM1030,Experimental,Cu4 H24 C24 N32 O16,1.65524,4.88948,0.82958787,10.1039/C3NJ01198D
RSM1035,Experimental,Er4 H24 C48 O24,1.50119,4.72261,0.644323754,10.1080/00958970701411361
RSM1050,Experimental,Cu4 H30 C48 N2 O16,0.764072,5.68638,0.850429729,10.1039/C3CE41095A
RSM1053,Experimental,Nb12 Cu4 H12 C20 S12 N16 Cl24,1.66812,3.96898,0.575982574,10.1080/00958970701411361                                            
RSM1055,Experimental,Ca2 Cd4 H24 C48 O24,1.14842,6.26395,0.73449176,10.1016/j.molstruc.2015.12.005
RSM1056,Experimental,Cd6 H24 C48 O24,1.42405,5.36563,0.665215302,10.1039/b718947h
RSM1064,Experimental,In2 H28 C56 O16,1.14598,3.90004,0.844486721,10.1038/nchem.333
RSM1066,Experimental,Zn2 H32 C48 N4 O16,1.33081,2.82397,0.928273761,10.1021/cg400579w
RSM1069,Experimental,Zn2 H38 C44 N10 O8,1.06664,3.39135,0.96072908,10.1039/c2jm34349e
RSM1072,Experimental,Cd3 H28 C44 O28,0.950281,5.03987,0.818198082,10.1016/j.jssc.2016.06.001
RSM1074,Experimental,Cu4 H40 C40 N4 O16,1.52182,3.42208,0.897266214,10.1039/b301219k
RSM1075,Experimental,Zn4 H28 C52 N4 O16,0.958393,5.24115,0.850382938,10.1039/C4RA07128J
RSM1078,Experimental,Ho4 P4 H28 C32 N4 O32,1.92571,3.83319,0.659661087,10.1039/C6CE00023A
RSM1080,Experimental,U4 H24 C48 Cl4 O24,1.64523,3.36697,0.550273457,10.1039/C4DT02343A
RSM1084,Experimental,Cd4 H44 C36 N8 O12,1.34683,5.68724,0.761428,10.1007/s12039-014-0714-9
RSM1089,Experimental,Co4 H28 C52 N4 O16,0.953085,5.15672,0.870082965,10.1039/c1dt10901d
RSM1094,Experimental,Sc6 H24 C48 O26,0.66054,8.06276,0.885755399,10.1002/chem.201000926
RSM1096,Experimental,Zn12 P8 H16 C16 O52,2.4072,3.40599,0.685334739,10.1039/b204131f                                                     
RSM1107,Experimental,Fe6 H24 C48 O26,0.694931,8.40139,0.838974215,10.1038/ncomms9348
RSM1110,Experimental,Gd4 P4 H28 C32 N4 O32,1.83628,3.8937,0.673155766,10.1039/C6CE00023A
RSM1112,Experimental,Cu4 H28 C52 N4 O16,1.24955,2.98295,0.857873717,10.1021/ja309992a
RSM1114,Experimental,Cu3 H30 C48 N12 O12,1.24679,3.70246,0.87750816,10.1007/s10870-016-0652-0
RSM1121,Experimental,Ag2 H48 C48 N8,1.22291,3.35758,0.920493406,10.1021/ic901749r
RSM1124,Experimental,Zn8 H24 C48 O26,1.36746,3.49622,0.760558861,10.1016/j.inoche.2014.04.029
RSM1135,Experimental,Eu4 H16 C48 S8 O32,1.49086,3.73125,0.675145614,10.1021/ic201986m
RSM1140,Experimental,Co4 H28 C44 N12 O20,1.29956,3.365,0.853638778,10.1039/C3CE42048E
RSM1141,Experimental,Zn4 H32 C48 N8 O16,1.26718,4.32246,0.86271871,10.1039/b111280p
RSM1142,Experimental,Cd4 H32 C48 N8 O16,1.61663,3.57629,0.759734633,10.1002/zaac.201400024
RSM1146,Experimental,Zn12 H12 C48 O36,1.27225,8.9967,0.672630437,10.1021/jacs.6b02030                                                 
RSM1149,Experimental,Sm4 H26 C50 O28,1.83622,3.0286,0.69976007,10.1039/C4DT01434K
RSM1150,Experimental,Mn8 H20 C36 N20 O24,1.64392,3.50296,0.791965931,10.1016/j.inoche.2013.01.003
RSM1158,Experimental,Ni12 H24 C24 O48,1.79211,3.48497,0.773283294,Not Available                                                        
RSM1167,Experimental,Cu4 H32 C48 N8 O16,1.29436,3.55227,0.877047334,10.1016/j.inoche.2011.12.041
RSM1171,Experimental,Mn4 H24 C48 S8 N8 O16,1.35352,3.76373,0.834356413,10.1039/C4CE02421D
RSM1173,Experimental,Cd4 H28 C44 N12 O20,1.42956,3.56202,0.732104029,10.1039/C3CE42048E
RSM1185,Experimental,Eu4 H26 C50 O28,1.80848,3.08015,0.699270267,10.1016/j.jssc.2009.06.004
RSM1195,Experimental,Cd4 Si2 H32 C56 O16,1.12572,4.44759,0.756335906,10.1021/cg1008768
RSM1197,Experimental,Zn4 Si2 H32 C56 O16,0.528969,7.90994,0.862034013,10.1039/C3CE41105B
RSM1207,Experimental,Co2 H40 C56 N4 O8,1.2062,3.13435,0.981425979,10.1021/ja500005k
RSM1213,Experimental,K4 H44 C36 S4 N4 O18,1.10435,4.38729,0.970413278,10.1002/cssc.201402147
RSM1214,Experimental,Cu4 H32 C58 O16,0.584888,7.44326,0.858773291,10.1002/anie.200904983
RSM1215,Experimental,Cd2 H48 C44 N8 O8,1.16432,3.75272,0.902738259,10.1080/15533174.2016.1186037
RSM1216,Experimental,Zn2 H40 C56 N4 O8,1.20867,3.10408,0.97116199,10.1021/cg101731j
RSM1223,Experimental,Gd4 H28 C56 O24,1.07735,9.50472,0.68075705,10.1039/C3CE42553C
RSM1226,Experimental,Sm4 H18 C48 N6 O36,1.18134,4.88431,0.689187547,10.1016/j.inoche.2010.04.031
RSM1227,Experimental,Li2 Cd2 H32 C56 O20,1.46052,4.50047,0.874197315,10.1021/cg9007476
RSM1232,Experimental,Mg4 H32 C52 N4 O20,1.19709,4.33505,0.944846205,10.1039/C6RA16784E
RSM1233,Experimental,La4 H24 C48 O36,2.07764,3.02253,0.707557334,10.1039/c2dt31090b
RSM1235,Experimental,Nd4 H18 C48 N6 O36,1.14894,5.10415,0.698241078,10.1039/B914879E                                                     
RSM1238,Experimental,Mn4 H32 C52 N4 O20,1.23859,4.94322,0.898996591,10.1021/ja910818a
RSM1245,Experimental,Ag8 H48 C32 N24,1.99809,3.71678,0.653911672,10.1021/cg101435b
RSM1250,Experimental,Ga6 H28 C48 O30,0.902625,14.10773,0.810584452,10.1021/ic801624v
RSM1253,Experimental,Gd4 H18 C48 N6 O36,1.21993,4.93979,0.68202097,10.1107/S0108768112032053
RSM1254,Experimental,Eu4 H18 C48 N6 O36,1.16729,5.03171,0.690554868,10.1016/j.inoche.2010.04.031
RSM1255,Experimental,Cu8 P8 H36 C28 N8 O24,1.22007,4.22837,0.749970689,10.1016/j.jssc.2005.10.015
RSM1260,Experimental,U8 H16 C48 S8 O32,2.00978,3.96101,0.418970465,10.1021/cg4018163
RSM1265,Experimental,Gd4 H30 C48 N6 O24,1.86636,3.49529,0.676910419,10.1016/j.inoche.2005.08.013
RSM1269,Experimental,Zn7 H28 C44 N18 O16,1.57276,3.09503,0.783318921,10.1039/c0ce00582g
RSM1271,Experimental,Ba2 Zn4 H32 C48 O28,1.5797,3.01932,0.774321456,10.1039/c2ce25440a
RSM1274,Experimental,Cd6 H30 C24 N54,1.95474,4.33317,0.662885494,10.1039/C5CE00939A
RSM1276,Experimental,Cd4 H28 C48 Br8 N8 O18,1.94909,2.97814,0.601469827,10.1002/chem.201200909
RSM1279,Experimental,Cd6 H34 C48 N8 O18,1.1289,5.50785,0.70292639,10.1016/j.molstruc.2016.04.093
RSM1284,Experimental,Hf6 H28 C48 O32,1.62793,4.05258,0.54860333,10.1021/jz4002345                                                    
RSM1291,Experimental,Cd4 H28 C48 N8 Cl8 O18,1.66944,3.24721,0.719267901,10.1039/C3CE41116H
RSM1301,Experimental,Zn4 H32 C64 O16,1.38699,3.02894,0.856909063,10.1039/C4CE00172A
RSM1306,Experimental,Ni8 H32 C44 N4 O28,1.17991,4.28292,0.802057944,10.1002/chem.200800430
RSM1315,Experimental,Zn2 H36 C66 O12,0.932671,4.29829,0.931138392,10.1021/cg3013393
RSM1320,Experimental,Ce4 H28 C60 O24,1.13078,4.5438,0.708706668,10.1016/j.dyepig.2015.09.024
RSM1327,Experimental,Sr4 Li8 H16 C40 N16 O32,1.16754,6.10407,0.824051747,10.1039/C5CE00305A
RSM1333,Experimental,Cu4 H48 C44 N4 O16,1.46798,3.27413,0.934068525,10.1021/ic8004008
RSM1336,Experimental,Cd4 H28 C48 N12 O24,1.16944,4.56351,0.76981521,10.1039/c1cc15891k
RSM1339,Experimental,Zn4 H28 C60 O24,1.36716,3.20983,0.862046594,Not Available                                                        
RSM1344,Experimental,Co2 H40 C60 N6 O8,0.927679,5.25331,0.965874214,10.1021/acs.cgd.6b00780
RSM1351,Experimental,Cd6 H28 C60 O24,1.77101,2.93172,0.687519637,10.1002/zaac.201500061
RSM1352,Experimental,Cu4 H48 C50 N8 O8,0.742097,6.99693,0.908306923,10.1021/ic8019809
RSM1361,Experimental,Gd4 Cu2 H16 C48 N16 O32,1.95116,4.48172,0.663954689,10.1016/j.jssc.2014.03.021
RSM1362,Experimental,Lu4 Cu2 H16 C48 N16 O32,2.09157,4.06432,0.63904489,10.1016/j.jssc.2014.03.021
RSM1371,Experimental,Sr4 H32 C56 S4 O24,1.82934,3.95583,0.795510768,10.1039/c2ce05875h
RSM1374,Experimental,Ba4 H32 C56 S4 O24,1.92436,4.37907,0.709127345,10.1016/j.jssc.2015.08.021
RSM1382,Experimental,La4 H20 C56 N8 O32,1.71712,3.58369,0.711568789,10.1039/b816205k
RSM1386,Experimental,Zn4 H32 C56 N8 O20,0.910521,5.63807,0.870152867,10.1016/j.micromeso.2010.10.011
RSM1389,Experimental,Cd4 H36 C48 Br4 N12 O16,1.61367,3.77614,0.686920883,10.1016/j.jssc.2016.09.008                                           
RSM1391,Experimental,Zn8 H28 C52 O32,1.0242,5.37428,0.792856018,10.1016/j.ica.2014.11.004
RSM1404,Experimental,Zn2 H32 C68 N20,0.985268,3.66923,1.007365483,10.1021/ja073505z
RSM1418,Experimental,Nd2 H38 C68 O16,1.39173,4.33927,0.840680787,10.1002/anie.201307656
RSM1427,Experimental,Zn8 H40 C44 N4 O28,1.00788,5.40367,0.813288153,10.1039/C4RA01269K
RSM1431,Experimental,Gd4 H28 C60 N8 O24,1.09134,4.87626,0.6927615,10.1016/j.inoche.2010.10.007
RSM1460,Experimental,Cu4 H48 C60 N12 Cl2,1.21179,3.21404,0.902615658,10.1039/C6CC00862C
RSM1461,Experimental,In6 H36 C48 N6 O30,1.4995,9.71101,0.72849217,10.1039/b909731g
RSM1469,Experimental,Sc6 H24 C48 O50,0.83338,6.83233,0.921557729,10.1039/b516365j
RSM1479,Experimental,Cu8 H48 C48 I8 N16,1.92921,4.08399,0.525705455,10.1039/b316561b
RSM1481,Experimental,Cu8 H48 C48 Br8 N16,1.67758,3.9655,0.628054639,10.1039/b316561b
RSM1488,Experimental,Cd4 H32 C56 S8 N24 O4,1.56022,3.44853,0.787965956,10.1021/cg025551a
RSM1489,Experimental,Eu8 H24 C56 N8 O32,1.19978,3.4223,0.58930669,10.1002/ejic.201100944
RSM1498,Experimental,La4 H36 C60 O28,1.18862,4.29551,0.758157496,10.1016/j.dyepig.2015.09.024
RSM1501,Experimental,Dy4 H24 C60 N4 O36,1.39336,4.25086,0.689949475,10.1039/c2dt12346k
RSM1509,Experimental,Zn8 H24 C56 N8 O32,1.26877,4.09406,0.780976869,10.1021/cg401106z
RSM1516,Experimental,Eu8 H16 C48 N16 O40,2.17135,5.45088,0.592870208,10.1021/ic302556r
RSM1521,Experimental,Gd8 H24 C56 N8 O32,1.63609,3.74272,0.559947959,10.1002/ejic.201000344
RSM1536,Experimental,Zn8 H24 C56 N8 O32,1.26807,3.76112,0.777348651,10.1002/ejic.201500245
RSM1541,Experimental,Cd4 H44 C56 N8 O16,1.69124,3.36839,0.787013562,10.1039/C4CE00190G
RSM1542,Experimental,Cu8 H32 C44 N16 O28,1.66464,3.65805,0.81519775,10.1016/j.jssc.2014.01.026
RSM1559,Experimental,Zn2 H44 C68 N8 O8,0.844872,4.55413,0.956039499,10.1021/cg500942g
RSM1564,Experimental,Mn1 Zn2 H36 C72 N8 O12,0.814829,5.0505,0.900700114,10.1002/chem.201302025
RSM1568,Experimental,Na4 Zn4 H24 C64 O36,1.13783,3.45537,0.827411716,10.1016/j.ica.2014.07.054
RSM1576,Experimental,Tb4 H32 C48 N12 O36,1.70488,3.88059,0.711947973,10.1016/j.inoche.2012.05.038
RSM1577,Experimental,La4 H32 C64 O32,1.57592,3.08743,0.747237206,10.1016/j.jssc.2008.05.011
RSM1579,Experimental,K4 Gd4 H24 C64 O36,1.73281,2.43583,0.693520035,10.1021/acs.cgd.6b00903
RSM1585,Experimental,Ba4 Zn4 H24 C64 O36,1.33541,4.3978,0.679953067,10.1016/j.ica.2014.07.054
RSM1586,Experimental,Eu4 H32 C48 N12 O36,1.59756,4.0195,0.741586732,10.1016/j.inoche.2012.05.038
RSM1600,Experimental,Cu12 H36 C48 N24 O12,1.54705,3.07374,0.726889495,10.1002/(SICI)1521-3773(19981231)37:24<3366::AID-ANIE3366>3.0.CO;2-Z
RSM1603,Experimental,Zn4 H40 C62 N8 O18,1.76503,3.94587,0.873588537,10.1021/cg7009385
RSM1609,Experimental,Cu10 H34 C48 N40,1.60632,3.73622,0.745320678,10.1016/j.inoche.2009.12.036
RSM1611,Experimental,Ni4 H36 C60 S8 N8 O16,1.24749,4.12675,0.855932163,10.1039/C3CE42451K
RSM1614,Experimental,Cs2 Cd4 H32 C64 O32,1.38543,3.25885,0.716048848,Not Available                                                        
RSM1619,Experimental,Ag14 H32 C48 N40,1.52306,5.88551,0.543497627,10.1016/j.poly.2014.11.021
RSM1627,Experimental,Ho2 H54 C60 N6 O12,1.13175,6.27905,0.86776418,10.1039/C5DT01598G
RSM1630,Experimental,Sm4 Zn2 H24 C64 N8 O32,1.76581,3.22331,0.68559729,10.1039/C6DT01360K
RSM1635,Experimental,Cd6 H32 C64 O32,1.78071,3.20593,0.726415051,10.1021/ja045123o
RSM1638,Experimental,Cu6 H40 C56 N4 O28,1.12936,4.67236,0.840044227,10.1021/ic501849g
RSM1639,Experimental,Tb4 Zn2 H24 C64 N8 O32,1.81519,2.98606,0.677522889,10.1039/C6DT01360K
RSM1640,Experimental,Eu2 H54 C60 N6 O12,1.08137,5.99001,0.887326591,10.1039/C5DT01598G
RSM1644,Experimental,Cd14 H16 C40 N28 O36,2.36935,3.00211,0.549470932,10.1016/j.solidstatesciences.2011.01.014
RSM1647,Experimental,Zn8 H40 C56 N8 O24,1.98025,3.92485,0.792934143,10.1002/cplu.201500134
RSM1654,Experimental,Cu24 H32 C32 N48,1.68093,6.82721,0.602360115,10.1021/ic061102e
RSM1657,Experimental,Cd6 H40 C60 N10 O20,1.24836,5.07695,0.726663124,10.1021/ic991360u
RSM1663,Experimental,Zn6 H28 C60 N18 O24,1.21224,4.17759,0.812808089,10.1016/j.inoche.2016.06.032
RSM1676,Experimental,Gd4 H32 C68 O32,1.79119,2.89622,0.7150423,10.1021/cg201283a
RSM1677,Experimental,Tb4 Ag4 H32 C56 N8 O32,2.21133,3.0813,0.632454614,10.1016/j.jssc.2014.11.022
RSM1681,Experimental,Sr4 Zn4 H32 C64 O32,1.12618,3.09185,0.768660446,10.1039/c2ce25440a
RSM1683,Experimental,Ca8 H32 C64 O32,1.09912,3.87428,0.910690126,10.1016/j.inoche.2014.07.015
RSM1686,Experimental,Ho4 Ag4 H32 C56 N8 O32,2.30212,3.00384,0.623753482,10.1016/j.jssc.2014.11.022
RSM1694,Experimental,Eu4 Ag4 H32 C56 N8 O32,2.1503,3.2152,0.644358676,10.1016/j.jssc.2014.11.022
RSM1710,Experimental,Cu12 H24 C56 I4 N8 O32,1.17847,6.82387,0.616847113,10.1016/j.poly.2016.05.008
RSM1718,Experimental,Mn6 H36 C72 O24,1.28543,3.66927,0.865963715,10.1039/b927590h
RSM1724,Experimental,Ag6 H48 C66 N12 O6,1.20434,8.43815,0.739148389,10.1002/chem.200900010                                               
RSM1728,Experimental,K2 La6 H20 C60 O50,1.43891,4.17887,0.676428853,10.1002/ejic.201301324
RSM1734,Experimental,Ni6 H36 C60 N12 O24,1.10487,4.69048,0.844534814,10.1021/acs.cgd.7b00321
RSM1738,Experimental,Cu6 H30 C78 O24,0.509928,7.54559,0.849220374,10.1021/ic302018g
RSM1742,Experimental,Zn3 H50 C48 N18 O20,1.39205,3.10609,0.928961508,10.1021/cg3006794
RSM1745,Experimental,Cu2 Si2 H20 W24 C24 N8 O60,4.48509,3.18516,0.337387421,10.1039/C4CE01725K
RSM1762,Experimental,Zn4 H48 C64 N8 O16,1.14997,4.60678,0.917038095,10.1039/B102210P                                                     
RSM1768,Experimental,Cd8 H24 C68 O40,1.92284,2.99632,0.674453943,10.1016/j.inoche.2015.03.019
RSM1769,Experimental,Cu24 H32 C56 N28,1.89934,4.25594,0.71532314,10.1002/ejic.200500978
RSM1774,Experimental,Ni4 H40 C64 N16 O16,1.30921,4.315,0.895848682,10.1007/s11426-011-4321-z
RSM1787,Experimental,Cd10 H32 C48 N40 Cl12,1.85038,4.0408,0.597569144,10.1039/b907149k
RSM1788,Experimental,Mn1 Cu3 H48 C66 O24,0.898929,5.22197,0.909759764,10.1021/ja303092m
RSM1795,Experimental,Ni2 H58 C64 N14 O4,1.18641,3.83524,0.998041413,10.1021/cg400182u
RSM1797,Experimental,Zn6 H40 C62 N4 O30,1.3293,4.07066,0.842908121,10.1016/j.inoche.2012.09.006
RSM1799,Experimental,Mg3 H48 C78 N2 O12,1.00224,4.08211,0.994109196,10.1021/cg3013574
RSM1804,Experimental,Ni4 H50 C64 N8 O18,1.27414,3.6821,0.945636113,10.1021/ic010343d
RSM1812,Experimental,Cd4 H44 C76 N4 O16,1.68898,3.99464,0.79187596,10.1016/j.poly.2013.10.022
RSM1814,Experimental,Cu4 H64 C64 S8 I4,1.71834,4.43618,0.724075666,10.1016/j.ica.2004.03.057
RSM1817,Experimental,Cd8 H32 C64 O40,1.45114,4.07096,0.67796606,10.1016/j.inoche.2013.01.030
RSM1818,Experimental,Zn4 H44 C76 N4 O16,1.39297,3.20497,0.896520019,10.1039/C4RA07128J
RSM1829,Experimental,Zn8 P8 H32 C56 O40,1.19038,5.20383,0.779196453,10.1039/c2dt12060g
RSM1840,Experimental,Zn6 H48 C36 N48 O6,1.12373,3.80216,0.840518928,10.1021/ja3063138
RSM1847,Experimental,Li4 Zn4 H24 C80 O32,0.947144,3.8393,0.869546962,10.1021/acs.inorgchem.6b02407                                        
RSM1848,Experimental,Cd8 H32 C64 Cl8 O32,0.651622,8.47368,0.66977122,10.1039/B107592F                                                     
RSM1870,Experimental,Cd10 H28 C56 N8 O44,2.17024,2.90489,0.655697644,10.1021/cg800329k
RSM1877,Experimental,Cu3 H42 C66 N36,1.28324,4.64916,0.904530731,10.1039/B911955H
RSM1886,Experimental,Cd4 H32 C56 N32 O24,1.21703,3.76503,0.787126576,10.1016/j.poly.2014.12.001
RSM1889,Experimental,Zn4 H32 C56 N32 O24,1.15356,3.74563,0.865305136,10.1016/j.poly.2014.12.001
RSM1890,Experimental,Cu4 H48 C80 N16,0.629689,5.92808,0.891956167,10.1021/acsami.6b03073
RSM1911,Experimental,Zn4 P4 H58 C54 N12 O16,1.33536,3.73058,0.896538991,10.1021/ic050314t
RSM1916,Experimental,Cd6 H32 C56 O56,1.21267,4.58984,0.748448415,10.1016/j.inoche.2013.09.024
RSM1926,Experimental,In10 H36 C60 N18 O26,1.28339,3.22569,0.636363282,10.1021/jacs.6b07901
RSM1927,Experimental,Co6 H24 C72 O48,1.06398,4.01672,0.843331091,10.1021/ic5011133                                                    
RSM1930,Experimental,Zn4 H36 C80 S2 N8 O20,1.49554,3.27853,0.880865698,10.1039/b806297h
RSM1935,Experimental,Ag2 H60 C72 N8 O8,0.984318,4.00875,0.955379858,10.1002/chem.201404552
RSM1946,Experimental,Zn6 H66 C54 N12 O12,0.803023,11.16603,0.920257844,10.1039/c3cc41842a
RSM1970,Experimental,Zn4 H48 C80 N4 O16,0.356709,13.28754,0.898862455,10.1002/chem.201001549
RSM1974,Experimental,Zn4 H44 C88 O16,1.24542,6.21876,0.883437523,10.1021/ja308995t                                                    
RSM1976,Experimental,Mn8 H24 C72 O48,1.24454,3.26162,0.821733635,10.1107/S2052520616005515                                            
RSM1978,Experimental,La8 H28 C60 O56,2.15269,3.36035,0.660275713,10.1016/j.inoche.2013.03.035
RSM1979,Experimental,Zn8 H40 C64 N24 O16,1.24801,3.19237,0.796654622,10.1071/CH14669
RSM1982,Experimental,Co3 H48 C72 N30,1.16165,3.91239,0.929539702,10.1021/ic902548f
RSM1984,Experimental,Cu6 H39 C81 N3 O24,0.56558,7.08458,0.83860541,10.1016/j.cclet.2015.12.034
RSM1987,Experimental,Zn4 H46 C80 Cl4 O20,0.851248,4.87953,0.872286611,10.1039/C3CC45988H
RSM1993,Experimental,Ni6 H24 C72 O52,1.32019,4.26017,0.851539008,10.1039/B902223F
RSM2002,Experimental,Ho4 Cu4 H36 C64 N8 O40,1.42862,4.90915,0.690410884,10.1039/C4RA13533D
RSM2006,Experimental,Zn8 H36 C68 N8 O36,1.07674,5.07516,0.813418347,10.1002/chem.201101183
RSM2008,Experimental,Ni8 H56 C56 O36,1.35106,3.26857,0.8438904,10.1021/ja010825o
RSM2009,Experimental,Ca4 H72 C40 O40,1.33872,2.9486,1.066050384,10.14102/j.cnki.0254-5861.2011-0517
RSM2012,Experimental,K4 Zn4 H60 C60 O28,1.3219,2.997,0.946918921,10.1021/cg4018322
RSM2021,Experimental,Ni4 H32 C72 O48,0.892431,4.14803,0.8760753,10.1021/ja070671y
RSM2026,Experimental,La4 H44 C84 O24,1.02851,4.11461,0.769880094,10.1039/C6CE00960C
RSM2032,Experimental,Mn12 H24 C72 O48,1.08401,5.08322,0.770941133,10.1016/j.molstruc.2006.03.077
RSM2036,Experimental,Eu4 H44 C84 O24,1.04862,4.42061,0.753117134,10.1039/C6CE00960C
RSM2037,Experimental,Zn12 H24 C72 O48,0.842867,6.88648,0.739544776,10.1039/c2ce26115d
RSM2038,Experimental,Cd4 H44 C84 O24,0.544526,9.52765,0.816470462,10.1021/cg500192d                                                    
RSM2044,Experimental,Zn4 H50 C78 N6 O18,0.765399,6.38855,0.917927091,10.1039/C4CE01379D
RSM2047,Experimental,Co4 H52 C72 N12 O16,0.728001,5.85335,0.945182127,10.1021/cg201657q
RSM2058,Experimental,Gd4 H52 C68 O32,1.64004,3.12053,0.77725604,10.1039/C5DT00602C
RSM2062,Experimental,Mn12 H32 C60 N24 O28,1.26544,5.56771,0.806305418,10.1002/zaac.201700032
RSM2075,Experimental,Cd6 H30 C74 N12 O36,1.50582,3.73826,0.747523627,10.1039/C6DT00726K
RSM2076,Experimental,Zn6 H52 C76 N6 O18,0.882466,8.61841,0.891724432,10.1021/ic401092j
RSM2080,Experimental,Zn6 H44 C84 O24,1.2511,3.37656,0.851511258,10.1039/C5CE02172C
RSM2082,Experimental,Cd6 H48 C72 N4 O28,1.25271,3.60567,0.768981609,10.1080/00958972.2011.652099
RSM2087,Experimental,Co4 H64 C68 S2 N4 O16,1.19603,5.54206,0.989307196,10.1021/cg801120y
RSM2106,Experimental,Eu8 H40 C56 S8 O48,1.87627,4.12868,0.621620431,10.1021/ic902241n
RSM2113,Experimental,Ni4 H48 C76 N8 O24,0.994964,3.89641,0.9230468,10.1021/ic049030j
RSM2114,Experimental,Ca16 H16 C48 S16 O64,1.53121,3.64491,0.775906997,10.1039/c2ce25784j
RSM2137,Experimental,Zn10 H40 C64 N24 O24,0.858203,10.64369,0.777587284,10.1039/C6DT04433F
RSM2145,Experimental,Co2 H80 C64 N16,0.937302,3.71569,1.065738892,10.1016/j.ica.2009.05.030
RSM2156,Experimental,Zn4 H48 C84 N8 O20,1.00205,4.53896,0.923075583,10.1039/C4CC09228G
RSM2160,Experimental,Zn4 H64 C64 N12 O20,1.35346,3.78489,0.943147411,10.1021/acs.cgd.6b00912
RSM2164,Experimental,Ag14 H40 C60 N50,1.62194,3.30769,0.585865644,10.5560/ZNB.2013-3007
RSM2167,Experimental,Zn8 H44 C72 N12 O28,1.58616,3.43018,0.831943556,10.1016/j.jssc.2017.09.023                                           
RSM2175,Experimental,Ho8 H24 C72 S12 O48,1.84338,4.37478,0.5977244,10.1016/j.jssc.2015.03.020
RSM2176,Experimental,Zn8 P8 H64 C52 N8 O24,1.44497,3.66223,0.815717576,10.1016/j.ica.2007.12.029
RSM2182,Experimental,Co4 H64 C80 N16,1.18213,2.81962,0.959757157,10.1016/j.molstruc.2007.08.032
RSM2201,Experimental,Co4 H64 C76 N12 O8,1.28627,2.95254,0.940419696,10.1039/C5RA10805E
RSM2202,Experimental,Co4 H64 C72 N8 O16,1.13252,5.09008,0.969865619,10.1021/acs.cgd.7b00274                                              
RSM2207,Experimental,Eu3 H45 C99 O18,0.67956,13.49795,0.835782415,10.1021/acs.chemmater.5b01711
RSM2218,Experimental,Mn6 H44 C84 O32,1.15319,4.31382,0.880757925,10.1039/C3CE41801D
RSM2224,Experimental,Gd4 Ni6 H48 C48 O60,1.61859,6.13269,0.705279238,10.1002/chem.201503796
RSM2235,Experimental,Mo8 H72 C56 N24 O8,1.56968,3.30254,0.743393761,10.1039/b922732f
RSM2238,Experimental,Cu8 H64 C64 N32,1.15194,3.18985,0.862605663,10.1039/C3DT50596K
RSM2241,Experimental,Mn8 H40 C88 O32,1.39149,3.67267,0.84726051,10.1016/j.molstruc.2016.01.003
RSM2247,Experimental,Zn8 H16 C80 O64,1.06098,4.78465,0.809316975,10.1021/cg201362x
RSM2250,Experimental,Gd4 Cu4 H48 C72 I4 N12 O24,1.84967,4.63277,0.618400156,10.1039/C5CE02544C
RSM2251,Experimental,Gd8 H32 C64 N8 O56,1.39833,3.36425,0.637084428,10.1016/j.ica.2012.04.039
RSM2254,Experimental,Cd4 H48 C96 O20,0.87998,6.59997,0.81583563,10.1021/ja302110d                                                    
RSM2257,Experimental,Mg12 H24 C72 S12 O48,1.03851,4.40143,0.813395209,10.1016/j.ica.2011.08.028
RSM2270,Experimental,Cd3 H62 C72 S2 N16 O14,1.30418,4.4789,0.86017663,10.1021/cg050458i
RSM2277,Experimental,Mn6 H52 C88 O24,0.994456,4.20159,0.898546578,10.1021/cg201552g
RSM2282,Experimental,Eu8 H28 C72 S12 O50,1.59109,5.45222,0.63477198,10.1002/jccs.201200612
RSM2283,Experimental,Ni2 H72 C72 S12 N12,1.04919,3.72519,0.948338431,10.1016/S0277-5387(98)00029-1
RSM2288,Experimental,Cd3 H54 C90 N6 Cl12 O6,0.918592,7.22232,0.815701756,10.1021/ja052431t
RSM2297,Experimental,Eu4 H48 C96 O24,0.7853,5.35043,0.792423226,10.1021/ic800394g
RSM2305,Experimental,Zn12 H16 C80 O64,1.1888,4.00641,0.75896055,10.1039/c0cc04890a
RSM2317,Experimental,Cu6 H64 C70 S12 N12 O8,1.15904,4.04828,0.845539859,10.1016/j.jssc.2015.08.022
RSM2333,Experimental,Cd8 H44 C84 N12 O24,1.69,3.80008,0.706343175,10.1002/zaac.201500061
RSM2337,Experimental,Eu4 H52 C84 N8 O24,1.18823,3.93128,0.779262162,10.1039/C3TA14489E
RSM2339,Experimental,Mn12 H16 C80 O64,1.4185,3.58561,0.780411929,10.1021/acs.inorgchem.5b00180
RSM2343,Experimental,Zn12 H16 C80 O64,1.46706,3.04399,0.756899886,10.1021/acs.cgd.6b01129
RSM2347,Experimental,Zn4 H64 C80 N8 O16,1.26122,3.21941,0.944438448,10.1002/chem.201100176
RSM2357,Experimental,Cd6 H48 C84 N12 O24,1.97914,3.35286,0.770047508,10.1039/C3DT52888J
RSM2360,Experimental,Cu6 H52 C84 N8 O24,1.03941,7.6658,0.885258494,10.1039/c0cc05074a
RSM2366,Experimental,Cd2 H72 C64 Br4 N24 O8,1.1649,3.6491,0.846066124,10.1002/ejic.200501060
RSM2369,Experimental,Na12 Zn6 H24 C72 O60,1.06701,9.65787,0.777726467,10.1002/anie.201500468
RSM2378,Experimental,Ni4 H56 C88 N12 O16,1.37321,3.31093,0.925795772,10.1039/C3CE42203H
RSM2388,Experimental,Zn6 H48 C96 O26,0.945239,9.84648,0.863982784,10.1021/cg201059d
RSM2400,Experimental,Cd4 H60 C92 N8 O12,0.995743,5.92731,0.841381864,10.14102/j.cnki.0254-5861.2011-0984
RSM2401,Experimental,Zn8 H48 C80 O40,1.23143,3.52419,0.827894197,10.1039/b618796j
RSM2422,Experimental,Co2 Cu4 H64 C72 N24 Cl12,1.65838,3.57621,0.843877117,10.1039/dt9930000687
RSM2423,Experimental,Tb4 Cu6 H60 C48 N12 O48,1.91141,4.92624,0.710768269,10.1016/j.ica.2009.02.040
RSM2424,Experimental,Eu2 H48 C88 S8 N8 O24,1.46234,3.09025,0.820308453,10.1142/S1088424615500820
RSM2425,Experimental,Gd4 Cu6 H60 C48 N12 O48,1.89011,4.95708,0.715382728,10.1021/ja200978u
RSM2428,Experimental,Cu6 H60 C76 N8 O28,1.2457,3.14554,0.887750102,10.1039/C5CE01094B
RSM2430,Experimental,La2 H48 C88 S8 N8 O24,1.4545,3.09103,0.834672456,10.1142/S1088424615500820
RSM2434,Experimental,Gd2 H48 C88 S8 N8 O24,1.54647,3.04301,0.813899456,10.1007/s13738-014-0482-y
RSM2454,Experimental,Cu6 H54 C84 N6 O30,0.937741,4.83168,0.873398178,10.1021/ja203898s                                                    
RSM2459,Experimental,Ga9 Fe3 P12 H66 C24 N18 O48,1.94207,4.68115,0.768923778,10.1021/cm052859r                                                    
RSM2467,Experimental,Mn4 H60 C76 S4 N12 O24,1.2267,4.65865,0.926005844,10.1080/15533174.2012.654878
RSM2469,Experimental,Zn20 H32 C72 O56,1.30125,6.85633,0.70251825,10.1039/C5RA12543J
RSM2476,Experimental,Mn2 H32 C40 N4 O12,1.11862,4.79906,0.960050735,10.1002/ejic.200600198
RSM2477,Experimental,Co4 H72 C72 S4 N12 O16,0.998208,4.32012,0.944517253,10.1039/b304201d
RSM2481,Experimental,Lu6 H18 W24 C42 N6 O86,3.53657,3.10176,0.34710473,10.1016/j.ica.2013.03.012
RSM2492,Experimental,Na2 Zn2 H48 C106 N10 O16,0.61484,8.60774,0.929013894,10.1002/(SICI)1521-3773(20000403)39:7<1288::AID-ANIE1288>3.0.CO;2-Y
RSM2497,Experimental,Cd8 H56 C72 N24 O24,1.89301,6.4454,0.71025147,10.1039/C4CE00045E
RSM2509,Experimental,Cd4 H80 C84 O16,1.29736,3.83133,0.895084354,10.1021/cg8006469
RSM2513,Experimental,Zn16 H16 C80 O72,1.80196,4.99105,0.739432972,10.1021/ic9019553
RSM2514,Experimental,Zn4 H72 C72 N16 O20,1.45695,5.04893,0.940134422,10.1021/acs.inorgchem.5b00130                                        
RSM2517,Experimental,Zn4 H60 C92 N8 O20,1.11963,6.61236,0.930619229,10.1039/C4TA04001E
RSM2518,Experimental,Ag8 H64 C88 N16 O8,1.35072,3.98998,0.742624353,10.1039/b507363d
RSM2523,Experimental,Cu8 H72 C80 N16 Cl8,1.08356,5.57781,0.808435674,10.1039/c2cc31770b
RSM2529,Experimental,Rb12 H52 C56 S8 O56,1.94884,2.73011,0.708596231,10.1016/j.poly.2007.03.044
RSM2531,Experimental,La4 H48 C72 N36 O24,1.47554,3.232,0.781097877,10.1021/ja0744091
RSM2573,Experimental,Fe3 H84 C66 S6 N30,1.36802,3.4346,1.077457786,10.1039/b409543j
RSM2581,Experimental,La4 Mg6 H36 C84 N12 O48,1.42936,3.06359,0.776688691,10.1002/ejic.201100450
RSM2615,Experimental,Cd4 H80 C76 N16 O16,1.31628,3.18778,0.876200022,10.3390/cryst6100132
RSM2620,Experimental,Mg12 H36 C84 N12 O48,0.90656,6.02827,0.870827494,10.1021/cg200327y
RSM2622,Experimental,Sn8 H104 C64 O16,1.45419,3.77941,0.787319863,10.1007/s10904-010-9330-4
RSM2629,Experimental,Zn10 P10 H60 C60 N12 O40,1.92526,3.09239,0.803262551,10.1039/c2ce25730k
RSM2631,Experimental,Cr3 Ga9 P12 H78 C24 N18 O48,1.97319,4.63581,0.774307211,10.1021/cm052859r                                                    
RSM2636,Experimental,Ga12 P12 H78 C24 N18 O48,1.99801,4.72237,0.764507039,10.1021/cm052859r                                                    
RSM2655,Experimental,Zn4 H64 C96 N16 O16,1.29252,3.47957,0.934446067,10.1021/cg101251a
RSM2666,Experimental,Zn4 H60 C98 N18 O16,1.17892,3.81401,0.919803547,10.1021/acsami.6b04611                                               
RSM2681,Experimental,Ag4 H60 C96 N12 O24,1.1435,4.3104,0.84689326,10.1021/cg401858s                                                    
RSM2682,Experimental,Zn4 H60 C108 O24,1.02104,4.10346,0.919519372,10.1080/00958972.2014.981168
RSM2700,Experimental,Zn4 H72 C82 N16 O24,1.33548,2.84274,0.956181781,10.1039/C6TA05965A
RSM2702,Experimental,Co12 H24 C84 N80,1.13403,3.97462,0.856456275,10.1021/ic020176x
RSM2706,Experimental,Al8 H56 C96 O40,1.12982,6.55975,0.969216224,10.1021/ja802589u
RSM2712,Experimental,Cd4 H48 C92 Br16 N24 O16,1.73093,4.474,0.628743242,10.1039/C3CE40273H
RSM2713,Experimental,Co4 H68 C100 N12 O16,1.23619,4.05436,0.952435909,10.1039/c2ce26533h
RSM2721,Experimental,In8 H56 C96 O40,1.26338,7.81653,0.752443272,10.1016/j.micromeso.2011.11.043
RSM2722,Experimental,Zn8 H72 C70 N30 O20,1.21993,3.42992,0.857607012,10.1002/ejic.201600111
RSM2724,Experimental,U4 Cu4 H48 C96 N16 O32,1.56759,3.92973,0.653811267,10.1021/acs.inorgchem.6b00786
RSM2728,Experimental,Co8 H64 C96 N32,1.11236,4.44602,0.852441176,10.1039/b917512a
RSM2729,Experimental,Cu4 H72 C100 N8 O16,1.34857,3.48166,0.960053323,10.1039/C4DT01890G
RSM2738,Experimental,Mg4 Cd6 H48 C96 O48,1.17904,4.73876,0.772949447,10.1039/C6CE01818A
RSM2742,Experimental,Eu4 H72 C102 O24,1.20454,4.94521,0.829618486,10.1039/C5TC04320D
RSM2752,Experimental,Cu4 H64 C96 N32 O8,1.28468,2.93339,0.920607731,10.1021/ic0505504
RSM2754,Experimental,La4 H72 C96 N8 O24,1.28389,4.2531,0.840921377,10.1021/cg101432k
RSM2759,Experimental,Zn6 H78 C90 O30,0.864198,5.29472,0.933142118,10.1039/C7CC01554B
RSM2771,Experimental,Ni4 H56 C96 N16 O32,1.16802,3.64504,0.937206358,10.1039/C5CE02426A
RSM2772,Experimental,Zn12 P16 H88 C40 O48,1.28599,10.16408,0.755341456,10.1021/cg500568e
RSM2774,Experimental,K6 Sm6 H36 C84 S12 O60,0.982395,15.6264,0.68208567,10.1021/acs.inorgchem.6b00928
RSM2783,Experimental,Cu12 H24 C72 N96,0.783384,9.95856,0.725505422,10.1039/C4RA16350H
RSM2785,Experimental,Cd4 H72 C104 N8 O16,1.09663,3.90427,0.863691379,10.1007/s40242-013-2473-4
RSM2789,Experimental,Zn12 H36 C96 N12 O48,0.764398,6.00518,0.772997091,10.1021/ic502488c
RSM2800,Experimental,Co6 H70 C98 N8 O24,1.11482,4.789,0.93374027,10.1021/acs.inorgchem.5b01938
RSM2808,Experimental,Gd4 H24 C84 N24 O72,1.18439,5.52149,0.775458104,10.1039/C4QI00193A
RSM2817,Experimental,Zn12 P16 H60 C56 N8 O56,1.81097,3.80257,0.769903112,10.1039/c1ce05759f
RSM2818,Experimental,Zn4 H80 C104 N4 O16,1.20242,3.35371,0.985588282,10.1039/C4CE01635A
RSM2819,Experimental,Ag8 H80 C80 S8 N32,1.50256,3.04617,0.749205877,10.1021/cg050011+
RSM2826,Experimental,Cd8 H56 C96 N16 O32,1.52864,3.25382,0.745137989,10.1021/cg8009546
RSM2827,Experimental,Zn8 H56 C68 N60 O16,1.16492,4.48044,0.854312041,10.1021/acs.cgd.5b01772
RSM2831,Experimental,Cd8 H56 C96 N16 O32,0.987366,5.43028,0.744181971,10.1021/cg8009546
RSM2836,Experimental,Mn6 H60 C108 O36,1.31438,3.07498,0.906476754,10.1002/zaac.201600119
RSM2839,Experimental,Cu12 H48 C102 O48,0.826165,6.09194,0.789538926,10.1002/anie.200802087
RSM2842,Experimental,Zn10 H40 C60 N60 O40,1.52737,3.97905,0.822937428,10.1126/science.1152516
RSM2843,Experimental,Ba2 Cd6 H64 C104 N8 Cl2 O24,1.20944,7.97652,0.734508044,10.1002/anie.201203594
RSM2845,Experimental,Cd6 H60 C108 O36,1.31464,4.15717,0.795262355,10.1021/ic402058f                                                    
RSM2850,Experimental,K2 Ni2 H70 C104 N8 O24,1.08154,6.43013,0.968583219,10.1016/j.jssc.2016.02.038
RSM2852,Experimental,Cd6 H60 C108 O36,1.34603,4.27968,0.795032357,10.1021/ic402058f
RSM2861,Experimental,Cu8 H64 C96 S4 N24 O16,1.21467,5.95564,0.853590804,10.1021/acs.jpcc.5b05019
RSM2873,Experimental,Mn4 H88 C96 N8 O16,1.23022,3.70589,1.042131861,10.1039/b811725j
RSM2879,Experimental,Cd6 H72 C99 O36,1.1226,4.74127,0.804765594,10.1021/cg101222w
RSM2882,Experimental,Gd4 H64 C90 S6 O50,1.58132,5.50598,0.79754112,10.1039/c2dt32390g
RSM2891,Experimental,Y12 H24 C84 N24 O72,1.62111,3.18703,0.743635876,10.1002/ejic.201500090
RSM2895,Experimental,Cd8 H64 C96 N16 O32,1.26833,3.82982,0.759398662,10.1016/j.molstruc.2016.04.093
RSM2896,Experimental,Cd6 H66 C102 N18 O24,1.18972,6.52577,0.808620164,10.1016/j.inoche.2011.09.029
RSM2898,Experimental,Cd8 H72 C80 N24 O32,1.30492,6.14942,0.742354384,10.1021/cg8009546
RSM2904,Experimental,Cd8 H80 C88 N8 O32,1.46535,2.73961,0.755445905,10.1016/j.ica.2014.05.013
RSM2905,Experimental,Cu8 H64 C104 N8 O32,1.20963,3.75072,0.869341429,10.1126/science.1231451
RSM2910,Experimental,Zn6 H48 C102 O24 F36,1.48771,4.94987,0.846844958,10.1039/b415960h
RSM2922,Experimental,Cu24 H16 C80 N32 O64,1.64791,3.65091,0.688480877,10.1039/c1cc14387e
RSM2924,Experimental,Sc12 H48 C96 O60,0.99932,7.22731,0.889472453,10.1039/c1cc11168j
RSM2929,Experimental,Mg6 Si4 H64 C112 O32,0.845342,4.63467,0.958792906,10.1071/CH11155
RSM2943,Experimental,Co3 H72 C120 N24,1.16824,4.5141,0.952212983,10.1002/(SICI)1521-3773(19990917)38:18<2730::AID-ANIE2730>3.3.CO;2-0
RSM2950,Experimental,Mn12 H52 C88 S12 N4 O52,1.29386,3.46701,0.816197472,10.1039/C3CE40677F
RSM2953,Experimental,Zn20 H24 C80 N32 O64,1.98928,3.05232,0.701805024,10.1016/j.micromeso.2006.12.041
RSM2958,Experimental,Zn8 Si4 H64 C112 O32,1.03698,5.29888,0.85752837,10.1021/om701262m                                                    
RSM2965,Experimental,Cu4 H72 C104 N16 O24,0.998831,6.0049,0.954888697,10.1039/C5RA14637B
RSM2966,Experimental,K6 Zn4 H62 C116 N2 O30,0.897601,7.85856,0.897966522,10.1021/cg901347p
RSM2972,Experimental,Zn8 H48 C102 O28 F36,1.5011,2.99517,0.831597273,10.1080/15533174.2011.591874
RSM2975,Experimental,Zn10 H32 C108 O72,1.20916,3.6856,0.805498477,10.1021/ic402692p                                                    
RSM2981,Experimental,Cd6 H64 C112 O40,1.05015,4.27335,0.811430876,10.1039/C3CE41930D
RSM2982,Experimental,Ag6 H80 C104 S8 N24,1.53546,3.63533,0.801831997,10.1016/j.poly.2008.04.016
RSM2985,Experimental,Co4 H64 C120 N12 O24,1.01561,4.40766,0.938479908,10.1039/c2sc20443f
RSM2992,Experimental,Ag16 H96 C64 N48,1.99409,3.7639,0.653869931,10.1021/cg101435b
RSM2998,Experimental,Ba8 Cd8 H32 C96 S16 O64,1.37038,6.16711,0.600421887,10.1080/15533174.2014.989587
RSM3003,Experimental,Cd4 H72 C108 N24 O16,1.12319,3.71759,0.851881261,10.1039/C4CE02551B
RSM3007,Experimental,Cu8 H84 C88 N24 O20,1.07148,5.93055,0.903399518,10.1039/C6CC09676J
RSM3012,Experimental,Ni6 H64 C120 O36,0.966083,5.28648,0.909667893,10.1039/C6RA22971A
RSM3013,Experimental,Co8 H72 C96 N16 O36,0.988152,4.15082,0.912852454,10.1039/c2jm33269h
RSM3015,Experimental,Ag6 H90 C90 N36 O6,1.36616,5.02787,0.82850043,10.1021/ic035207i
RSM3019,Experimental,Zn12 H48 C120 O48,0.807942,5.81757,0.780188416,10.1021/cg100316s
RSM3032,Experimental,Cd8 H72 C100 S8 N8 O32,1.69993,2.83325,0.758265397,10.1080/15533174.2014.963245
RSM3040,Experimental,La4 H80 C96 N16 O32,1.40836,3.61571,0.850975729,10.1016/j.poly.2003.12.004
RSM3044,Experimental,Cu8 H96 C76 N24 O24,1.19761,4.28765,0.969488557,10.1021/ic500436g
RSM3062,Experimental,Cu8 H72 C112 N8 O32,0.95751,5.96541,0.884097867,10.1039/c2cc35340g
RSM3065,Experimental,Zn4 Ag4 H72 C128 N24,1.12858,4.15297,0.834063183,10.1002/chem.201304319
RSM3076,Experimental,Cd4 H80 C108 N16 O24,1.35744,3.3913,0.874918412,10.1039/c2ce25588j
RSM3083,Experimental,Ni6 H72 C108 N24 O24,1.23367,3.76693,0.915956153,10.1021/cg800087q
RSM3084,Experimental,Cd6 H72 C108 S6 N18 O24,1.51336,3.10781,0.809385524,10.1021/cg201655n
RSM3092,Experimental,Mn8 H64 C104 N40 Cl4 O16,1.22173,4.643,0.882580739,10.1002/chem.201502532
RSM3110,Experimental,Cd6 H76 C128 N4 O24,1.11486,4.0016,0.818416711,10.1002/anie.201311131
RSM3120,Experimental,U12 H84 C72 O72,2.12789,3.60298,0.511708344,10.1039/C5DT02111A
RSM3126,Experimental,Mn8 H72 C112 N8 O40,1.15573,3.80581,0.895753963,10.1016/j.mencom.2016.05.010
RSM3130,Experimental,Mn8 H64 C112 S8 O48,1.01691,6.25667,0.868231201,10.1021/ic5018517
RSM3145,Experimental,Ni6 H76 C120 N12 O28,1.20909,3.08108,0.919794222,10.1039/b917659d
RSM3148,Experimental,Zn6 H76 C120 N12 O28,1.37986,3.98942,0.91074709,10.1002/zaac.201400217
RSM3150,Experimental,Cu9 H72 C108 N18 O36,1.26861,4.04271,0.876162274,10.1007/s10904-015-0198-1
RSM3159,Experimental,Na8 Zn4 H64 C112 S8 O48,1.52904,4.01352,0.855414299,10.1080/15533174.2011.568430
RSM3169,Experimental,Cu12 H64 C64 N96 Cl8,1.09573,4.99877,0.788601156,10.1016/j.ica.2006.08.020
RSM3176,Experimental,Cu12 Si6 H72 C108 O48,0.867592,4.40145,0.83960688,10.1039/C6CC05845K
RSM3180,Experimental,Cd6 H80 C132 N4 O24,1.11104,3.9698,0.827503684,10.1002/anie.201311131
RSM3195,Experimental,Cu8 H96 C120 N24,1.27571,3.12685,0.913483861,10.1002/ejic.200500877
RSM3200,Experimental,Cu16 H72 C112 N40 O8,1.62826,3.68613,0.822461864,10.1039/b705603f
RSM3205,Experimental,Cd4 H104 C104 N16 O20,1.3978,3.33055,0.925661652,10.1016/j.inoche.2009.12.010
RSM3206,Experimental,Zn8 H80 C96 N32 O32,1.17768,4.97776,0.887425582,10.1016/j.micromeso.2005.11.048
RSM3213,Experimental,Zn6 H92 C112 N16 O24,1.451,3.05261,0.935031616,10.1039/C4CE00093E
RSM3217,Experimental,Cu12 H84 W4 C108 S12 Br4 N28,1.67161,4.96794,0.639071193,10.1039/c1cc12691a
RSM3226,Experimental,Zn8 H84 C120 N12 O28,0.843445,4.16587,0.905427677,10.1016/j.jcis.2017.11.034                                           
RSM3256,Experimental,Cu8 H96 C96 O56,1.06993,4.19031,0.926761851,10.1016/j.ica.2010.06.022
RSM3265,Experimental,Zn6 H78 C132 N18 O24,0.946191,7.53456,0.897083333,10.1038/srep11537
RSM3266,Experimental,Cd10 H72 C108 N36 Cl8 O24,1.35074,3.9807,0.720995026,10.1039/C5CE01815C
RSM3273,Experimental,Ni20 H88 C64 N16 O72,1.42689,5.93182,0.804779648,10.1021/ja062743b
RSM3275,Experimental,Gd4 H44 C108 N28 O76,1.30221,3.81579,0.810334303,10.1002/chem.201200046
RSM3284,Experimental,Mn8 H124 C88 O40,1.07943,4.68545,1.030741387,10.1134/S1070328414120082
RSM3286,Experimental,Ni4 H112 C112 N32,0.792973,4.06193,1.040387712,10.1039/C4CE00760C
RSM3287,Experimental,Cu20 H80 C112 N32 O16,1.07263,4.45721,0.823049247,10.1039/dt9960002031
RSM3305,Experimental,Ni4 H144 W2 C80 N32,1.16373,4.96368,1.040905635,10.1016/j.inoche.2007.04.031                                         
RSM3317,Experimental,Ag12 H96 C108 N48,1.41424,2.95682,0.723752473,10.1080/10610278.2015.1078465
RSM3320,Experimental,Cu12 H66 C132 N6 O48,0.748726,5.74048,0.832673164,10.1002/chem.201503163
RSM3323,Experimental,Eu8 H64 C128 N8 O56,0.766752,12.59332,0.722067414,10.1039/C5CE01725D
RSM3324,Experimental,Co4 H88 C140 N8 O24,1.3781,3.05908,0.955773324,10.1080/15533174.2013.843559
RSM3334,Experimental,Tb8 H64 C128 N8 O56,0.804541,12.3602,0.704890425,10.1039/C5CE01725D
RSM3337,Experimental,Mg6 H78 C144 N12 O26,0.27716,26.74011,0.967450069,10.1021/jacs.6b08724                                                 
RSM3341,Experimental,Cd4 H96 C136 N8 O24,1.32487,3.27009,0.89979352,10.1039/b904387j
RSM3355,Experimental,Co4 H96 C120 N24 O24,0.641523,5.36846,0.974287668,10.1021/ja907023c                                                    
RSM3363,Experimental,Zn8 H96 C120 N16 O32,0.963763,11.22268,0.890543512,10.1039/c0dt00999g
RSM3364,Experimental,Mg16 H64 C128 O64,1.09473,3.82272,0.898394883,10.1016/j.poly.2012.02.006
RSM3369,Experimental,Ba16 H96 C80 N16 O64,2.17932,4.01639,0.628596151,10.1002/zaac.201000044
RSM3372,Experimental,Ca8 Cd8 H64 C128 O64,1.14605,6.05559,0.775769,10.1007/s10904-013-9884-z
RSM3373,Experimental,Y8 H60 C132 N12 O60,0.920856,4.64016,0.825113605,10.1021/cg400096e
RSM3388,Experimental,Cu4 H112 C112 N32 O16,1.18079,3.12913,1.008649961,10.1021/cg070100h
RSM3391,Experimental,Ni6 H88 C144 N12 O26,0.859399,4.21334,0.937274999,10.1039/C3SC22222E
RSM3396,Experimental,Zn16 H64 C136 O60,0.803197,8.6742,0.793600199,10.1021/ic502643m
RSM3399,Experimental,Zn6 H108 C132 O34,0.952352,5.25882,0.976966868,10.1002/chem.201406098
RSM3405,Experimental,Zn8 H88 C132 N24 O28,1.33413,7.06333,0.890804619,10.1039/c2ce05948g
RSM3407,Experimental,Cu10 H96 C128 N16 O32,1.34833,4.51509,0.908703886,10.1021/ic034943j                                                    
RSM3408,Experimental,Zn14 H72 C144 O52,1.42476,5.23704,0.812667938,10.1016/j.inoche.2011.09.039
RSM3410,Experimental,Cu12 H84 C132 I6 N24 O24,0.8734,10.14112,0.71653518,10.1021/acs.cgd.5b01307
RSM3415,Experimental,Mn4 Cr4 Fe4 H88 C104 N16 Cl8 O56,1.61532,2.83349,0.864287319,10.1021/ic201293f
RSM3416,Experimental,Cd4 H80 C152 N16 O32,1.06407,5.50299,0.873829823,10.1002/chem.201501614
RSM3419,Experimental,Zn16 H72 C144 O52,1.16289,3.7838,0.794585392,10.1039/c0cc02589e
RSM3420,Experimental,K2 Cd6 H96 C144 N12 O24,0.9369,8.78596,0.852039988,10.1039/c2ce25328c
RSM3423,Experimental,Cd8 H96 C132 O48,1.13139,5.31959,0.802211573,10.1016/j.inoche.2013.12.022
RSM3426,Experimental,Ag4 H112 C152 N16,1.15527,3.67698,0.944842356,10.1021/acs.cgd.5b01601
RSM3438,Experimental,Cu10 H80 Rh4 C120 N20 Cl8 O44,1.64433,3.80428,0.794433369,10.1016/j.molstruc.2012.05.068
RSM3442,Experimental,Ag8 H96 C136 N48,1.44539,4.57765,0.803678756,10.1039/C6CC05938D
RSM3455,Experimental,Zn16 H96 C112 O64,1.16823,4.10105,0.78486684,10.1021/ja010825o
RSM3457,Experimental,Cu8 H128 C72 S16 N64,1.09233,3.0887,0.91511579,10.1021/ic100840a
RSM3461,Experimental,Zn8 H88 C144 N16 O32,1.27261,3.90868,0.890836131,10.1021/cg200926z
RSM3468,Experimental,Zn12 H88 C136 N8 O48,1.32418,4.02904,0.867934329,10.1007/s10870-007-9244-3
RSM3469,Experimental,Cu4 H104 C128 N16 O40,1.30199,3.11178,0.981342411,10.1021/cg3017563
RSM3474,Experimental,Cd12 H120 C96 N16 O48,1.50849,3.39349,0.730216216,10.1039/b402715a
RSM3478,Experimental,Ca8 H114 C132 O40,0.847014,5.81577,1.024842163,10.1039/C6CE01821A
RSM3481,Experimental,Cu4 Sn4 H96 C160 N32,1.34777,3.39362,0.835139535,10.1107/S2053229615013327
RSM3485,Experimental,Gd8 H72 C144 N24 O48,1.55667,4.1061,0.723506139,10.1021/cg300379u
RSM3497,Experimental,Mn8 H112 C120 N24 O32,1.07346,3.74721,0.97413632,10.1039/c0dt00143k
RSM3517,Experimental,Cd4 H88 C160 N16 O32,1.09603,5.47129,0.878087255,10.1002/zaac.201400550
RSM3545,Experimental,Mg18 H72 C144 O72,0.718003,5.74271,0.892991697,10.1021/acs.cgd.5b01297
RSM3546,Experimental,Fe6 H96 C144 N60,1.12346,5.60566,0.937749108,10.1002/chem.201001179
RSM3548,Experimental,Cu6 H108 C144 N24 O24,0.697766,11.54593,0.965226718,10.1021/cg2011309
RSM3554,Experimental,Zn16 H72 C144 N8 O68,0.673976,11.7678,0.812060281,10.1021/ic502643m                                                    
RSM3565,Experimental,Ni4 H152 C106 N24 O24,1.01791,5.35822,1.07422831,10.1039/C5CE01577D
RSM3582,Experimental,Cu12 H96 C144 N36 O24,1.1166,4.2488,0.873393476,10.1039/C6TA11242K
RSM3594,Experimental,Cu8 H96 C156 N52,1.44059,3.51725,0.914748109,10.1021/acs.inorgchem.6b00813
RSM3596,Experimental,La12 H80 C144 O76,1.4565,4.3704,0.708328659,10.1021/ic902194g
RSM3604,Experimental,Na4 Cu8 H108 C152 N24 O20,1.4708,4.01283,0.916665413,10.1016/S0277-5387(00)00390-9
RSM3610,Experimental,Cu12 H48 C160 N12 Cl36 O48,1.4556,2.86417,0.769814301,10.1039/b713705b
RSM3616,Experimental,Zn10 H72 C144 N12 O32 F48,1.65174,3.05803,0.839296603,10.1021/acs.inorgchem.6b01809
RSM3629,Experimental,Cd16 H88 C136 N16 O64,1.63813,3.42067,0.696992848,10.1039/c2ce26553b
RSM3630,Experimental,Zn16 H72 C152 N16 O64,0.756489,5.78906,0.798020758,10.1039/C4CC09955A
RSM3657,Experimental,Cu12 H84 C180 O48,0.795802,5.09604,0.84357125,10.1021/ja0771639
RSM3683,Experimental,Zn16 H80 C156 N8 O68,0.641388,12.23392,0.82155206,10.1021/ic502643m
RSM3692,Experimental,Cd8 H80 C176 O64,0.852828,6.59965,0.817369931,10.1016/j.jssc.2015.12.005
RSM3704,Experimental,Nd8 H72 C168 S12 O72,0.981639,5.71252,0.733082022,10.1021/cg9000736
RSM3705,Experimental,Cu12 H96 C168 N8 O48,0.521936,7.47527,0.875249738,10.1021/acs.inorgchem.6b00278
RSM3706,Experimental,Zn8 H108 C136 N24 O32 F24,1.43462,3.18572,0.896486535,10.1039/c0ce00181c
RSM3715,Experimental,Zn12 Cr6 H72 C144 N12 O86,0.630768,10.43926,0.819085406,10.1021/ja406030p                                                    
RSM3728,Experimental,Na4 Cd10 H96 C168 N8 O48,0.976675,5.41895,0.774956678,10.1039/C5NJ01237F
RSM3735,Experimental,Co12 H96 C168 O60,0.91501,6.50636,0.884721004,10.1016/j.jhazmat.2017.02.037
RSM3749,Experimental,Mn6 Co2 H132 C150 N24 O24,0.958563,4.8022,1.001412702,10.1038/nchem.2045
RSM3754,Experimental,Zn10 H120 C150 N36 O24,0.743513,6.05188,0.920580551,10.1002/chem.201200696
RSM3760,Experimental,Zn20 H120 C120 N80,1.11922,4.82128,0.797302248,10.1002/chem.200700181
RSM3761,Experimental,Eu8 H88 C168 N16 O60,1.59403,2.93552,0.764836247,10.1016/j.micromeso.2014.01.012
RSM3765,Experimental,Co12 H114 C150 N18 O48,1.30088,4.34753,0.898038096,10.1021/ja403449k
RSM3766,Experimental,Zn6 H116 C180 N16 O24,0.711648,7.65706,0.9531529,10.1021/acs.cgd.6b00795
RSM3770,Experimental,Cu6 H144 C144 N48,0.724973,3.78568,0.96606521,10.1039/b316981b
RSM3775,Experimental,Cd8 H112 C160 N32 O32,1.19483,4.47009,0.829139688,10.1021/cg900504m
RSM3784,Experimental,Gd8 H96 C192 O48,0.91097,5.68305,0.780879274,10.1039/C7CE00306D
RSM3793,Experimental,In12 H132 C144 O60,1.05737,4.32574,0.828996724,10.1021/acs.inorgchem.6b02840
RSM3796,Experimental,Ag12 H96 C192 N48,1.16171,3.98319,0.754578241,10.1039/b003183f
RSM3799,Experimental,Mn12 H96 C168 O72,1.48204,3.10888,0.904863365,10.1039/C3CE41801D
RSM3801,Experimental,Dy12 H84 C180 O72,1.35541,5.26347,0.67509406,10.1039/C6NJ00294C
RSM3812,Experimental,Fe8 Ag24 H96 C168 N56,1.49527,5.12456,0.688282642,10.1021/ic403069d
RSM3820,Experimental,Cd16 H72 C184 O80,1.14496,4.23573,0.705238344,10.1039/C6CE01514J
RSM3823,Experimental,Cu16 H120 C160 N8 O48,1.35577,3.13746,0.874524826,10.1016/j.inoche.2013.12.002
RSM3830,Experimental,Ni12 H106 C166 N14 O54,0.989346,4.18055,0.888718483,10.1039/C4TA01900H
RSM3834,Experimental,Li4 H196 C120 O32,1.05564,4.52833,1.218574674,10.1016/j.steroids.2016.07.001
RSM3843,Experimental,Zn16 H96 C192 O52,0.454659,12.50723,0.858712854,10.1039/c1ce06044a
RSM3845,Experimental,Cu12 H104 C184 N8 O48,0.559941,11.56442,0.872235001,10.1039/C5DT04379D
RSM3846,Experimental,Si16 Ni4 H192 C128 N16,1.06833,3.35839,1.141918298,10.5012/bkcs.2010.31.8.2158
RSM3849,Experimental,Zn6 H136 C152 N28 O36,1.07672,3.53894,0.980889464,10.1071/CH12270
RSM3850,Experimental,Ni6 H136 C152 N28 O36,1.08067,3.51076,0.990958655,10.1039/c0dt01278e
RSM3860,Experimental,Gd4 H128 C176 N4 Cl12 O36,1.23036,3.39932,0.862907038,10.1039/b204249e
RSM3864,Experimental,Zn12 H96 C168 S12 O72,1.32376,2.90267,0.840469045,10.1039/C5DT02132D
RSM3865,Experimental,Zn8 H144 C144 N32 O32,1.07141,3.89444,1.010699062,10.1021/cg070320v
RSM3875,Experimental,Cd8 H152 C152 N20 O32,1.27075,2.79315,0.881241741,10.1021/cg8008859
RSM3889,Experimental,Zn16 H96 C180 N12 O64,0.524865,10.50087,0.8375543,10.1039/c0cc04146g
RSM3891,Experimental,Al16 H112 C168 N8 O64,0.662414,8.40063,0.983945404,10.1016/j.bios.2017.01.059
RSM3898,Experimental,Ba10 H120 C200 O40,1.41335,3.62104,0.773597971,10.1021/acs.inorgchem.5b02693
RSM3905,Experimental,Cu8 H96 C172 S4 N12 O32 F48,1.39475,2.8073,0.888426506,10.1016/j.inoche.2015.05.017                                         
RSM3908,Experimental,Cd4 H168 C152 N16 O32,1.31842,3.11335,0.951239016,10.1002/1521-3773(20011203)40:23<4422::AID-ANIE4422>3.0.CO;2-G
RSM3912,Experimental,Zn20 H124 C144 N36 O52,0.974919,6.33624,0.852699002,10.1039/c2dt12059c
RSM3918,Experimental,Mn8 H128 C192 N16 O32,1.30061,3.48396,0.962265768,10.1038/ncomms3534
RSM3966,Experimental,Zn12 H120 C184 N24 O48,1.37409,3.76072,0.878408553,10.1039/C3CE00009E
RSM3971,Experimental,Zn6 H132 C192 N24 O36,1.01287,6.89352,0.950994781,10.1039/c2cc32103c
RSM3985,Experimental,Cd10 H120 C216 O48,1.05298,4.09394,0.818466461,10.1039/c2dt12392d
RSM3992,Experimental,Cu8 H128 C224 O40,0.163737,21.876,0.929889008,10.1038/nchem.738
RSM3993,Experimental,Co12 H120 C216 O52,0.761484,8.72781,0.898093959,10.1039/c1cc10674k
RSM3997,Experimental,Cu16 H128 C160 N96,1.06249,3.72953,0.844957748,10.1039/C6CE01174H
RSM4006,Experimental,Zn6 H144 C204 N12 O36,1.29337,2.86979,0.972264281,10.1039/C6NJ00090H
RSM4009,Experimental,Zn8 H144 C180 N72,0.695644,6.48376,0.91771447,10.1039/C3CE41364K
RSM4015,Experimental,Zn12 H116 C220 O56,1.04957,4.66626,0.880523964,10.1039/C4TA01372G
RSM4021,Experimental,Ag8 H96 C224 S48 N32,1.50129,3.6895,0.819472726,10.1021/acs.cgd.5b00698
RSM4023,Experimental,Ag8 H160 C144 N96,1.38654,3.50558,0.836660343,10.1039/c2dt30362k
RSM4030,Experimental,Cd24 H104 C192 N80 Cl8,0.652584,13.20099,0.627525498,10.1021/jacs.5b02999                                                 
RSM4038,Experimental,Ca10 H132 C216 O52,0.867227,4.86704,0.978555501,10.1039/C4CE01237B
RSM4040,Experimental,Cu8 H128 C244 O32,0.362983,11.97902,0.963396979,10.1021/ic1009169
RSM4054,Experimental,Zn16 H112 C192 N64 O32,1.323,5.13666,0.848024039,10.1039/C5CE00833F
RSM4062,Experimental,Zn12 Cr6 H120 C180 N12 O86,0.691388,6.54549,0.861342251,10.1021/ja406030p                                                    
RSM4063,Experimental,Gd8 H48 C168 N48 O144,1.00425,5.0351,0.772725071,10.1002/chem.201200046
RSM4068,Experimental,Sr10 H136 C216 O56,0.869295,5.32387,0.901375695,10.1039/C5CE01995H
RSM4072,Experimental,Cu12 H160 C180 N36 O32,1.21763,5.12505,0.923104626,10.1021/ic015518y
RSM4079,Experimental,In8 H128 C224 O64,0.839779,4.42622,0.864136495,10.1039/c1ce05841j
RSM4082,Experimental,Zn32 H96 C192 O104,0.599536,7.16394,0.758408142,10.1039/b604925g
RSM4092,Experimental,Co8 H144 C212 N32 O32,1.24574,3.26279,0.949051297,10.1002/ejic.201500069
RSM4098,Experimental,In80 H80 C112 S128 N32,1.48981,5.15586,0.435425713,10.1002/anie.201006531
RSM4109,Experimental,Cd12 H160 C192 S8 N32 O32,1.36976,5.48186,0.783214564,10.1039/C3CE42360C
RSM4117,Experimental,Zn8 H176 C192 N32 O32,1.19028,3.78056,1.00875959,10.1039/C5DT00011D
RSM4119,Experimental,Ni16 H128 C192 N32 O72,1.5152,3.47747,0.887760056,10.1021/ic010343d
RSM4127,Experimental,Zn8 H172 C220 N12 O32,0.588747,5.2195,0.99230693,10.1021/ja502238a
RSM4133,Experimental,Zn8 H168 C216 N56,1.1102,4.28374,0.954179419,10.1021/cm503767r
RSM4136,Experimental,Ni8 H160 C212 N16 O56,1.26885,3.63651,0.964272496,10.1021/acs.cgd.5b00067
RSM4144,Experimental,Zn12 H128 C216 N48 O48,1.11546,3.75555,0.881740549,10.1002/cjoc.201400425
RSM4160,Experimental,Zn8 H160 C232 N24 O40,1.10946,3.59381,0.960045749,10.1016/j.inoche.2012.05.003
RSM4167,Experimental,Cu46 H128 C210 N82,1.57082,4.51105,0.792101249,10.1039/a806500d
RSM4175,Experimental,Zn16 B8 H152 C184 N80 O32,0.914681,5.52775,0.873026048,10.1002/anie.201001675
RSM4181,Experimental,Co8 H176 C224 N32 O40,1.33406,3.46094,0.976330637,10.1016/j.inoche.2014.10.019
RSM4197,Experimental,Eu4 Zn38 H108 C108 N144 Cl16 O72,1.95242,3.31964,0.721673725,10.1016/j.inoche.2013.09.048
RSM4199,Experimental,Tb4 Zn38 H108 C108 N144 Cl16 O72,1.91923,3.7493,0.722791601,10.1016/j.inoche.2013.09.048
RSM4210,Experimental,Co12 H144 C240 N24 O76,0.844085,6.72294,0.91042598,10.1016/j.poly.2011.11.010
RSM4212,Experimental,La6 H156 C252 N12 O72,1.27047,4.58478,0.885804325,10.1016/j.inoche.2017.01.015
RSM4216,Experimental,Zn12 H168 C236 N48 O40,1.32901,2.96293,0.913801096,10.1039/C5CE00862J
RSM4228,Experimental,Cu12 Ni6 H216 C180 N36 O60,0.837514,7.43906,0.928619306,10.1021/acs.inorgchem.7b00681
RSM4230,Experimental,Zn32 H128 C240 O112,1.40072,5.0647,0.784735016,10.1039/c3dt50687h
RSM4232,Experimental,Zn8 H192 C224 S8 N32 O48,1.36168,3.48892,0.952391352,10.1039/C6CE00551A
RSM4237,Experimental,Zn12 H144 C232 N64 O64,0.833721,8.17191,0.900717951,10.1039/C6DT00568C
RSM4240,Experimental,Zn12 H168 C276 N12 O48,0.398147,7.84904,0.917007404,10.1039/c2dt12088g
RSM4241,Experimental,Cu12 H192 C216 O96,0.655283,8.55283,0.970695138,10.1002/ejic.201601242
RSM4255,Experimental,Cd8 H192 C280 N24 O20,0.822248,6.40635,0.901400892,10.1021/cg500269h
RSM4258,Experimental,K8 Cd20 H112 C256 O128,1.40446,6.59049,0.728357511,10.14102/j.cnki.0254-5861.2011-1225
RSM4260,Experimental,Nd8 H156 C288 N24 O48,1.23826,3.0113,0.832759504,10.1021/cg060520r
RSM4271,Experimental,Cu8 H192 C232 N32 O64,1.03168,4.34601,0.965275128,10.1021/ic034246r
RSM4278,Experimental,Cu48 H72 C216 N96 O104,0.641567,7.88407,0.707417447,10.1038/srep25595
RSM4290,Experimental,Cu12 H156 C324 O48,0.852891,5.25129,0.911451408,10.1038/srep20672
RSM4294,Experimental,Zn16 H192 C240 N32 O64,0.974358,9.64815,0.889057986,10.1039/c0dt00999g
RSM4297,Experimental,La16 H144 C288 O96,1.67867,3.45591,0.74402483,10.1080/15533174.2013.778884
RSM4298,Experimental,Gd16 H144 C288 O96,1.83199,3.27451,0.709264033,10.1039/b415337e
RSM4306,Experimental,Cu24 H144 C264 O120,0.606644,6.72438,0.829497093,10.1002/anie.201201202
RSM4311,Experimental,Cu24 H120 C288 N24 O96,0.57329,6.67626,0.856036634,10.1002/chem.201101341
RSM4322,Experimental,Sr8 H192 C336 Cl4 O32,1.08919,4.07763,0.928616195,10.1021/acs.cgd.5b01617
RSM4327,Experimental,Gd12 H176 C320 O64,0.774142,7.96997,0.773570328,10.11862/CJIC.2016.175
RSM4338,Experimental,Ni8 H224 C288 N16 O48,1.22819,3.86087,0.992850492,10.1021/cg2008057
RSM4356,Experimental,Zn72 H96 C192 O240,2.03717,2.97043,0.685832002,10.1021/ja0474190
RSM4357,Experimental,Zn24 H168 C240 N120 O48,0.990549,7.99128,0.84744216,10.1126/science.1152516
RSM4362,Experimental,Sc18 H180 C324 O78,0.678029,19.98716,0.943461375,10.1002/chem.201000926
RSM4364,Experimental,Zn16 H184 C278 N60 O64,1.11182,4.29711,0.891549558,10.1021/cg3017358
RSM4370,Experimental,Zn32 H112 C288 N48 O128,0.691602,5.69677,0.767150224,10.1039/c2cc34921c
RSM4380,Experimental,Ag18 H240 C264 N72 O24,1.29245,4.114,0.836137383,10.1039/C4CC03204G
RSM4385,Experimental,Cu16 H240 C288 I16 N32 O32,1.26959,3.52828,0.754201938,10.1002/chem.201404552
RSM4397,Experimental,Zn12 H168 C408 O48,0.28827,19.07191,0.963823505,10.1039/C5CC01635E
RSM4412,Experimental,Zn16 H224 C360 O56,0.994144,7.32449,0.925565791,10.1021/ic0609002
RSM4419,Experimental,Zn40 H160 C296 O168,0.745703,5.69777,0.772616079,10.1021/ic202635a
RSM4456,Experimental,Gd28 H212 C340 O140,1.40189,4.72531,0.674382297,10.1002/cjoc.201500605
RSM4457,Experimental,Cd24 H184 C278 N240,1.07615,4.34654,0.751024921,10.1021/cg300827e                                                    
RSM4460,Experimental,Rb6 Co4 H372 C300 O48,0.95769,4.20135,1.120439836,10.1021/ic8008859
RSM4464,Experimental,Mn24 H264 C312 N64 O72,0.845457,7.89067,0.936099145,10.1021/ic991079f
RSM4480,Experimental,Zn20 H288 C324 N72 O48,0.763065,4.92525,0.957707446,10.1002/chem.201200696
RSM4489,Experimental,Cd8 H368 C336 O64,1.06609,2.91843,1.018629099,10.1039/c2cc30988b
RSM4490,Experimental,Cu24 H192 C384 N80 O96,0.474693,8.6428,0.856499464,10.1021/cm404155s
RSM4491,Experimental,Mn24 H288 C328 N64 O72,0.867231,7.43106,0.940381637,10.1021/ic0486872
RSM4506,Experimental,Cu4 H380 C400 N16,0.934395,3.20475,1.209501931,10.1021/jacs.6b10460                                                 
RSM4509,Experimental,Eu8 H288 C318 N48 O144,1.34652,3.75896,0.920529516,10.1016/j.jssc.2009.07.062
RSM4517,Experimental,Cu12 H288 C384 N96 O48,0.520194,14.81029,0.97758433,10.1039/b702216f
RSM4548,Experimental,Cd24 H272 C480 N80 O96,1.55419,3.81736,0.804819475,10.1039/b907839h
RSM4556,Experimental,Cu24 H336 C528 O96,0.42491,10.94227,0.927098831,10.1021/acs.cgd.7b00188
RSM4560,Experimental,Zn32 H288 C480 N48 O152,0.557719,7.24602,0.879485514,10.1039/c0nj00272k
RSM4564,Experimental,Mn24 H456 C408 N64 O72,1.01258,3.53253,1.011587513,10.1021/ic0486872
RSM4565,Experimental,Mn24 H456 C408 N64 O72,1.00474,3.75893,1.011060451,10.1021/ic0486872
RSM4579,Experimental,Zn24 H336 C624 O96,0.500626,10.40203,0.905675786,10.1021/ic401870e
RSM4599,Experimental,Zn48 H480 C672 N192,0.940015,3.2903,0.874076089,10.1038/nmat1927
RSM4602,Experimental,Cd24 H624 C672 O96,0.73242,9.99683,0.948625538,10.1021/ja808995d                                                    
str_m2_o1_o17_pcu_sym.129,In Silico,Cu2 H50 C44 N16 O8,1.09244,4.75415,0.987040628,10.1038/s41586-019-1798-7                                            
str_m2_o1_o19_pcu_sym.61,In Silico,Cu2 H36 C30 N6 O8,1.00417,3.75808,0.993823132,10.1038/s41586-019-1798-7                                            
str_m2_o1_o9_pcu_sym.185,In Silico,Cu2 H18 C32 N4 O18,1.29271,4.2784,0.901735051,10.1038/s41586-019-1798-7                                            
str_m2_o10_o14_pcu_sym.22,In Silico,Cu2 H10 C18 N2 O12,1.39997,3.97318,0.836080399,10.1038/s41586-019-1798-7
str_m2_o10_o26_pcu_sym.188,In Silico,Cu2 H26 C26 N2 O8,0.962261,3.79206,0.920637117,10.1038/s41586-019-1798-7
str_m2_o10_o28_pcu_sym.57,In Silico,Cu2 H16 C38 N4 O18,1.06606,3.79964,0.872611184,10.1038/s41586-019-1798-7
str_m2_o10_o28_pcu_sym.58,In Silico,Cu2 H16 C42 N4 O24,1.21412,4.06657,0.879837403,10.1038/s41586-019-1798-7
str_m2_o10_o29_pcu_sym.193,In Silico,Cu2 H20 C46 S2 N4 O22,1.11339,3.72061,0.88020963,10.1038/s41586-019-1798-7
str_m2_o10_o29_pcu_sym.238,In Silico,Cu2 H12 C42 N12 O28,1.19315,3.8911,0.860526965,10.1038/s41586-019-1798-7
str_m2_o10_o29_pcu_sym.38,In Silico,Cu2 H12 C42 N12 O28,1.19273,4.02285,0.861322355,10.1038/s41586-019-1798-7
str_m2_o10_o29_pcu_sym.64,In Silico,Cu2 H10 C52 N14 O14,1.1139,3.35486,0.905214957,10.1038/s41586-019-1798-7
str_m2_o10_o29_pcu_sym.82,In Silico,Cu2 H10 C52 N14 O12,1.09353,3.80648,0.905748381,10.1038/s41586-019-1798-7
str_m2_o13_o22_pcu_sym.93,In Silico,Cu2 H60 C44 N10 O11,1.03975,3.723,1.009658395,10.1038/s41586-019-1798-7
str_m2_o14_o14_pcu_sym.48,In Silico,Cu4 H36 C76 N4 O44,1.40877,3.98831,0.905210827,10.1038/s41586-019-1798-7
str_m2_o14_o17_pcu_sym.222,In Silico,Cu2 H50 C53 N2 O15,1.14097,3.89752,0.958416985,10.1038/s41586-019-1798-7
str_m2_o14_o22_pcu_sym.121,In Silico,Cu2 H25 C31 N5 O12,1.17033,3.36748,0.895076096,10.1038/s41586-019-1798-7
str_m2_o14_o22_pcu_sym.239,In Silico,Cu2 H26 C32 N4 O12,1.1609,4.24713,0.89709699,10.1038/s41586-019-1798-7
str_m2_o14_o23_pcu_sym.139,In Silico,Cu2 H51 C43 N11 O8,0.984114,4.02847,0.994330219,10.1038/s41586-019-1798-7
str_m2_o16_o16_pcu_sym.177,In Silico,Cu2 H36 C62 N2 O8,1.02492,3.74774,0.928942384,10.1038/s41586-019-1798-7
str_m2_o4_o9_pcu_sym.40,In Silico,Cu2 H26 C37 N2 O8,1.1187,3.7377,0.911385512,10.1038/s41586-019-1798-7
str_m2_o5_o29_pcu_sym.50,In Silico,Cu2 H16 C46 N4 O28,0.983634,4.60775,0.917291898,10.1038/s41586-019-1798-7
str_m2_o5_o29_pcu_sym.83,In Silico,Cu2 H40 C54 N4 O16,0.956054,4.4531,0.950202001,10.1038/s41586-019-1798-7
str_m2_o9_o14_pcu_sym.72,In Silico,Cu2 H26 C40 N4 O8,1.19992,3.77813,0.919876824,10.1038/s41586-019-1798-7
str_m2_o9_o18_pcu_sym.31,In Silico,Cu2 H32 C70 N2 O26,1.18248,3.80224,0.92606428,10.1038/s41586-019-1798-7
str_m2_o9_o19_pcu_sym.13,In Silico,Cu2 H24 C42 N2 O10,1.14042,4.61269,0.941323188,10.1038/s41586-019-1798-7
str_m2_o9_o19_pcu_sym.99,In Silico,Cu2 H20 C42 N2 O8 F4,1.19113,4.10052,0.904894039,10.1038/s41586-019-1798-7
str_m3_o1_o12_pcu_sym.96,In Silico,Zn2 H44 C34 N2 O12,1.17902,3.81818,0.974119491,10.1038/s41586-019-1798-7
str_m3_o1_o22_pcu_sym.190,In Silico,Zn2 H34 C26 N8 O8,1.06008,3.72196,0.957374502,10.1038/s41586-019-1798-7
str_m3_o1_o6_pcu_sym.147,In Silico,Zn2 H44 C56 N2 O8,0.998132,4.86047,0.980469175,10.1038/s41586-019-1798-7
str_m3_o1_o9_pcu_sym.206,In Silico,Zn2 H24 C32 N6 O14,1.24618,3.84107,0.942186322,10.1038/s41586-019-1798-7
str_m3_o10_o14_pcu_sym.41,In Silico,Zn2 H9 C16 N2 Cl1 O8,1.23296,3.82248,0.803622188,10.1038/s41586-019-1798-7
str_m3_o10_o14_pcu_sym.51,In Silico,Zn2 H16 C19 N2 O9,1.28548,3.80624,0.860190798,10.1038/s41586-019-1798-7
str_m3_o10_o15_pcu_sym.28,In Silico,Zn2 H12 C20 N2 O12,1.39569,3.12321,0.842246916,10.1038/s41586-019-1798-7
str_m3_o10_o15_pcu_sym.33,In Silico,Zn2 H8 C20 N2 O8 F4,1.42722,3.60012,0.779120862,10.1038/s41586-019-1798-7
str_m3_o10_o16_pcu_sym.105,In Silico,Zn2 H14 C21 N2 O9,1.18889,3.63147,0.846666,10.1038/s41586-019-1798-7
str_m3_o10_o16_pcu_sym.149,In Silico,Zn2 H18 C22 N4 O8,1.21386,3.95052,0.87202583,10.1038/s41586-019-1798-7
str_m3_o10_o16_pcu_sym.41,In Silico,Zn2 H16 C26 N2 O8,1.25998,3.92261,0.866345269,10.1038/s41586-019-1798-7
str_m3_o10_o17_pcu_sym.108,In Silico,Zn2 H16 C24 N2 O10,1.05151,3.4433,0.863254389,10.1038/s41586-019-1798-7
str_m3_o10_o18_pcu_sym.55,In Silico,Zn2 H14 C28 N2 O12,1.27121,3.81625,0.856299835,10.1038/s41586-019-1798-7
str_m3_o10_o28_pcu_sym.16,In Silico,Zn2 H16 C42 N4 O22,1.12591,3.83511,0.875083804,10.1038/s41586-019-1798-7
str_m3_o10_o28_pcu_sym.35,In Silico,Zn2 H26 C38 N4 Cl2 O12,1.01708,4.42698,0.88798974,10.1038/s41586-019-1798-7
str_m3_o10_o28_pcu_sym.50,In Silico,Zn2 H14 C32 S4 N4 Cl2 O24,1.26487,4.28582,0.837288459,10.1038/s41586-019-1798-7
str_m3_o10_o29_pcu_sym.121,In Silico,Zn2 H40 C54 I4 N4 O12,1.42309,3.84479,0.692997548,10.1038/s41586-019-1798-7
str_m3_o10_o29_pcu_sym.227,In Silico,Zn2 H44 C54 N4 O12,0.97502,4.63061,0.949834102,10.1038/s41586-019-1798-7
str_m3_o10_o29_pcu_sym.24,In Silico,Zn2 H32 C50 Br4 N4 O16,1.27158,3.82923,0.762216982,10.1038/s41586-019-1798-7
str_m3_o10_o29_pcu_sym.37,In Silico,Zn2 H36 C58 N4 O12,0.999696,3.72806,0.92677275,10.1038/s41586-019-1798-7
str_m3_o10_o29_pcu_sym.55,In Silico,Zn2 H44 C54 N4 O12,0.980382,4.04979,0.951086748,10.1038/s41586-019-1798-7
str_m3_o12_o13_pcu_sym.234,In Silico,Zn2 H50 C40 N2 O16,1.10205,4.16086,0.993404108,10.1038/s41586-019-1798-7
str_m3_o12_o15_pcu_sym.174,In Silico,Zn2 H24 C30 N2 Cl4 O8,1.1854,3.48089,0.844360388,10.1038/s41586-019-1798-7
str_m3_o14_o14_pcu_sym.131,In Silico,Zn2 H9 C36 N6 Cl5 O8,1.39106,3.76399,0.809328466,10.1038/s41586-019-1798-7
str_m3_o14_o16_pcu_sym.116,In Silico,Zn2 H34 C43 N2 O15,1.18885,4.24213,0.918701285,10.1038/s41586-019-1798-7
str_m3_o14_o16_pcu_sym.244,In Silico,Zn2 H18 C36 S3 N4 O21,1.34116,3.88771,0.86047647,10.1038/s41586-019-1798-7
str_m3_o22_o22_pcu_sym.40,In Silico,Zn4 H72 C68 N4 O48,1.38883,4.86662,0.934053267,10.1038/s41586-019-1798-7
str_m3_o4_o16_pcu_sym.143,In Silico,Zn2 H32 C36 N6 O19,1.23206,3.94057,0.955602065,10.1038/s41586-019-1798-7
str_m3_o4_o17_pcu_sym.145,In Silico,Zn2 H48 C48 N2 O17,1.10883,4.59399,0.945028456,10.1038/s41586-019-1798-7
str_m3_o4_o22_pcu_sym.72,In Silico,Zn2 H38 C33 N2 O8,1.05899,3.75334,0.935853305,10.1038/s41586-019-1798-7
str_m3_o4_o5_pcu_sym.243,In Silico,Zn2 H24 C26 N2 O10,1.14028,3.96757,0.90515393,10.1038/s41586-019-1798-7
str_m3_o4_o9_pcu_sym.187,In Silico,Zn2 H29 C36 N9 O8 F2,1.26659,3.91768,0.93622612,10.1038/s41586-019-1798-7
str_m3_o5_o13_pcu_sym.93,In Silico,Zn2 H14 C28 N2 O8,1.14805,3.91011,0.877011461,10.1038/s41586-019-1798-7
str_m3_o5_o29_pcu_sym.79,In Silico,Zn2 H32 C50 N4 O24,0.984199,4.59397,0.942863322,10.1038/s41586-019-1798-7
str_m4_o1_o11_acs_sym.5,In Silico,Cr6 H24 C54 O40,1.37494,3.43843,0.876726453,10.1038/s41586-019-1798-7
str_m4_o1_o14_acs_sym.10,In Silico,Cr6 H38 C58 O32,1.33554,3.47999,0.894848254,10.1038/s41586-019-1798-7
str_m4_o1_o14_acs_sym.139,In Silico,Cr6 H22 C56 N4 O38,1.43263,3.53641,0.852385901,10.1038/s41586-019-1798-7
str_m4_o1_o14_acs_sym.44,In Silico,Cr6 H22 C52 O26 F4,1.23369,3.51753,0.845316295,10.1038/s41586-019-1798-7
str_m4_o1_o15_acs_sym.167,In Silico,Cr6 H32 C59 O29 F2,1.31281,3.52915,0.862879226,10.1038/s41586-019-1798-7
str_m4_o1_o15_acs_sym.172,In Silico,Cr6 H25 C58 N3 O36,1.39874,3.19921,0.860388014,10.1038/s41586-019-1798-7
str_m4_o1_o15_acs_sym.33,In Silico,Cr6 H27 C59 N1 O34,1.36244,3.46455,0.867094523,10.1038/s41586-019-1798-7
str_m4_o1_o22_acs_sym.155,In Silico,Cr6 H28 C54 N4 O38,1.40798,3.25183,0.854061805,10.1038/s41586-019-1798-7
str_m4_o1_o22_acs_sym.202,In Silico,Cr6 H18 C50 O36 F14,1.50386,3.4098,0.834205809,10.1038/s41586-019-1798-7
str_m4_o1_o22_acs_sym.203,In Silico,Cr6 H46 C59 O26 F4,1.3113,3.53969,0.89001679,10.1038/s41586-019-1798-7
str_m4_o1_o22_acs_sym.22,In Silico,Cr6 H23 C50 N5 O36 F4,1.41388,3.49463,0.843365102,10.1038/s41586-019-1798-7
str_m4_o1_o22_acs_sym.73,In Silico,Cr6 H33 C50 N1 O26,1.17644,4.42041,0.876470634,10.1038/s41586-019-1798-7
str_m4_o1_o22_acs_sym.92,In Silico,Cr6 H27 C50 Cl5 O26,1.30742,3.36852,0.827013919,10.1038/s41586-019-1798-7
str_m4_o1_o4_acs_sym.145,In Silico,Cr12 H44 C116 N8 O60,1.33726,3.26816,0.872947599,10.1038/s41586-019-1798-7
str_m4_o1_o4_acs_sym.170,In Silico,Cr6 H24 C52 N2 O34,1.29939,3.55205,0.861655305,10.1038/s41586-019-1798-7
str_m4_o1_o4_acs_sym.68,In Silico,Cr12 H52 C124 O76,1.43263,3.18605,0.863425931,10.1038/s41586-019-1798-7
str_m4_o1_o4_acs_sym.81,In Silico,Cr6 H26 C62 O38,1.42137,3.50362,0.867692302,10.1038/s41586-019-1798-7
str_m4_o11_o15_acs_sym.209,In Silico,Cr6 H32 C48 O26,1.13363,3.52864,0.876405699,10.1038/s41586-019-1798-7
str_m4_o11_o22_acs_sym.203,In Silico,Cr6 H26 C40 Cl6 O30,1.29397,3.50406,0.827646336,10.1038/s41586-019-1798-7
str_m4_o11_o22_acs_sym.225,In Silico,Cr6 H48 C50 O26 F4,1.23127,3.5523,0.90153256,10.1038/s41586-019-1798-7
str_m4_o11_o22_acs_sym.282,In Silico,Cr6 H44 C49 O32,1.24098,3.52737,0.910648558,10.1038/s41586-019-1798-7
str_m4_o11_o22_acs_sym.57,In Silico,Cr6 H18 C40 N6 O38 F8,1.41813,3.25362,0.829173996,10.1038/s41586-019-1798-7
str_m4_o12_o15_acs_sym.133,In Silico,Cr6 H44 C60 N4 O26,1.27292,3.89128,0.900780373,10.1038/s41586-019-1798-7
str_m4_o12_o15_acs_sym.171,In Silico,Cr6 H24 C64 N8 O26,1.32772,3.14032,0.89256541,10.1038/s41586-019-1798-7
str_m4_o12_o15_acs_sym.218,In Silico,Cr6 H48 C68 O34,1.38127,3.8569,0.900841726,10.1038/s41586-019-1798-7
str_m4_o14_o14_acs_sym.115,In Silico,Cr6 H36 C72 O26,1.36618,3.34294,0.882777816,10.1038/s41586-019-1798-7
str_m4_o14_o14_acs_sym.127,In Silico,Cr6 H24 C72 O26 F12,1.53549,3.56293,0.834255393,10.1038/s41586-019-1798-7
str_m4_o14_o14_acs_sym.41,In Silico,Cr6 H30 C72 N6 O38,1.55129,3.19099,0.863717224,10.1038/s41586-019-1798-7
str_m4_o14_o22_acs_sym.127,In Silico,Cr6 H40 C70 N2 O34,1.48548,3.23578,0.886950606,10.1038/s41586-019-1798-7
str_m4_o14_o22_acs_sym.54,In Silico,Cr6 H42 C70 S1 O29,1.42751,3.30029,0.881549542,10.1038/s41586-019-1798-7
str_m4_o14_o22_acs_sym.98,In Silico,Cr6 H50 C78 O34,1.49648,3.39885,0.901004431,10.1038/s41586-019-1798-7
str_m4_o14_o24_acs_sym.190,In Silico,Cr12 H68 C140 N4 O60,1.4391,3.16117,0.862282015,10.1038/s41586-019-1798-7
str_m4_o17_o17_acs_sym.124,In Silico,Cr6 H72 C120 O26,1.00747,3.91611,0.920107366,10.1038/s41586-019-1798-7
str_m4_o17_o17_acs_sym.171,In Silico,Cr6 H48 C132 O50,1.194,3.88935,0.892154404,10.1038/s41586-019-1798-7
str_m4_o17_o17_acs_sym.22,In Silico,Cr6 H72 C120 O38,1.07087,4.39046,0.927797123,10.1038/s41586-019-1798-7
str_m4_o17_o17_acs_sym.32,In Silico,Cr6 H96 C132 O26,1.0489,5.13066,0.94543093,10.1038/s41586-019-1798-7
str_m4_o2_o17_acs_sym.99,In Silico,Cr12 H176 C248 O60,0.993554,4.49293,0.962202728,10.1038/s41586-019-1798-7
str_m4_o22_o22_acs_sym.116,In Silico,Cr6 H78 C62 N2 O26,1.25393,4.75356,0.940831576,10.1038/s41586-019-1798-7
str_m4_o22_o22_acs_sym.26,In Silico,Cr6 H72 C60 O30,1.26519,4.32061,0.936410312,10.1038/s41586-019-1798-7
str_m4_o22_o22_acs_sym.29,In Silico,Cr12 H148 C120 N4 O52,1.22948,4.41307,0.938668457,10.1038/s41586-019-1798-7
str_m4_o22_o22_acs_sym.73,In Silico,Cr6 H72 C60 S2 O32,1.32599,3.75422,0.916197629,10.1038/s41586-019-1798-7
str_m4_o22_o22_acs_sym.91,In Silico,Cr12 H140 C120 Br4 O52,1.33503,3.92631,0.861748132,10.1038/s41586-019-1798-7
str_m4_o22_o22_acs_sym.97,In Silico,Cr6 H72 C60 O26,1.21821,4.68989,0.925900893,10.1038/s41586-019-1798-7
str_m4_o22_o24_acs_sym.130,In Silico,Cr6 H66 C60 O26,1.23241,4.80764,0.912359182,10.1038/s41586-019-1798-7
str_m4_o22_o24_acs_sym.2,In Silico,Cr6 H70 C62 O26,1.24447,4.23703,0.91770275,10.1038/s41586-019-1798-7
str_m4_o22_o24_acs_sym.30,In Silico,Cr6 H64 C62 N2 O26,1.26064,3.72192,0.911923919,10.1038/s41586-019-1798-7
str_m4_o22_o24_acs_sym.66,In Silico,Cr6 H72 C62 N2 O26,1.26352,4.46102,0.926039494,10.1038/s41586-019-1798-7
str_m4_o22_o24_acs_sym.91,In Silico,Cr6 H64 C62 N2 O28,1.27899,3.73724,0.915291834,10.1038/s41586-019-1798-7
str_m4_o4_o11_acs_sym.161,In Silico,Cr12 H56 C120 N12 O84,1.51614,3.24484,0.849683213,10.1038/s41586-019-1798-7
str_m4_o4_o11_acs_sym.80,In Silico,Cr6 H28 C62 N6 O26,1.32844,3.51802,0.88255367,10.1038/s41586-019-1798-7
str_m4_o4_o14_acs_sym.127,In Silico,Cr6 H40 C66 O30,1.37133,3.4852,0.880652598,10.1038/s41586-019-1798-7
str_m4_o4_o14_acs_sym.3,In Silico,Cr6 H34 C62 S2 O32 F2,1.40101,3.69333,0.851481747,10.1038/s41586-019-1798-7
str_m4_o4_o15_acs_sym.13,In Silico,Cr6 H42 C68 O34,1.41935,3.47609,0.889615175,10.1038/s41586-019-1798-7
str_m4_o4_o15_acs_sym.20,In Silico,Cr12 H76 C140 O68,1.46009,3.33253,0.885387766,10.1038/s41586-019-1798-7
str_m4_o4_o22_acs_sym.111,In Silico,Cr6 H40 C60 N1 Cl1 O28,1.32044,3.54995,0.868582394,10.1038/s41586-019-1798-7
str_m4_o4_o22_acs_sym.138,In Silico,Cr6 H42 C62 O30,1.3266,3.51846,0.884254946,10.1038/s41586-019-1798-7
str_m4_o4_o22_acs_sym.167,In Silico,Cr6 H39 C62 N3 O34,1.40764,3.39612,0.869490561,10.1038/s41586-019-1798-7
str_m4_o4_o22_acs_sym.183,In Silico,Cr6 H46 C62 O28,1.31162,3.52504,0.881542946,10.1038/s41586-019-1798-7
str_m4_o4_o4_acs_sym.127,In Silico,Cr6 H36 C60 O26,1.25585,3.55764,0.871189614,10.1038/s41586-019-1798-7
str_m4_o4_o5_acs_sym.113,In Silico,Cr6 H27 C46 N3 O27,1.35218,3.16041,0.867416735,10.1038/s41586-019-1798-7
str_m4_o4_o5_acs_sym.136,In Silico,Cr6 H17 C45 O32 F1,1.38048,3.06768,0.850488896,10.1038/s41586-019-1798-7
str_m4_o4_o9_acs_sym.52,In Silico,Cr6 H29 C70 O26 F13,1.53939,3.26513,0.835976373,10.1038/s41586-019-1798-7
str_m4_o5_o14_acs_sym.104,In Silico,Cr6 H17 C48 O26 F1,1.32687,3.0727,0.846899217,10.1038/s41586-019-1798-7
str_m4_o5_o14_acs_sym.175,In Silico,Cr6 H22 C50 O26,1.32974,3.103,0.860869534,10.1038/s41586-019-1798-7
str_m4_o5_o24_acs_sym.154,In Silico,Cr6 H20 C43 O26,1.26876,4.46811,0.815577635,10.1038/s41586-019-1798-7
str_m4_o5_o24_acs_sym.178,In Silico,Cr6 H29 C48 N1 O28,1.37861,3.81774,0.844366076,10.1038/s41586-019-1798-7
str_m5_o1_o16_sra_sym.18,In Silico,V4 H28 C50 O20,0.99044,3.39191,0.909670118,10.1038/s41586-019-1798-7
str_m5_o1_o16_sra_sym.187,In Silico,V4 H16 C48 N4 O28 F4,1.17597,3.25147,0.866778965,10.1038/s41586-019-1798-7
str_m5_o1_o16_sra_sym.71,In Silico,V4 H12 C50 O20 F16,1.23638,3.74991,0.827871192,10.1038/s41586-019-1798-7
str_m5_o1_o16_sra_sym.97,In Silico,V4 H24 C48 S2 O26,1.09868,3.49099,0.890001508,10.1038/s41586-019-1798-7
str_m5_o1_o17_sra_sym.50,In Silico,V4 H54 C67 O20,1.02543,4.17549,0.956053586,10.1038/s41586-019-1798-7
str_m5_o1_o17_sra_sym.58,In Silico,V4 H40 C66 O26,1.06633,3.98387,0.917847742,10.1038/s41586-019-1798-7
str_m5_o1_o18_sra_sym.61,In Silico,V4 H40 C60 N4 O20,1.00471,3.54535,0.934484466,10.1038/s41586-019-1798-7
str_m5_o10_o29_sra_sym.117,In Silico,V4 H64 C92 N16 O36,1.05413,3.84321,0.968593872,10.1038/s41586-019-1798-7
str_m5_o10_o29_sra_sym.172,In Silico,V4 H68 C100 N4 O28,0.961577,4.32735,0.960192067,10.1038/s41586-019-1798-7
str_m5_o11_o16_sra_sym.124,In Silico,V4 H24 C45 O21,0.970794,3.65156,0.889541329,10.1038/s41586-019-1798-7
str_m5_o11_o16_sra_sym.127,In Silico,V4 H29 C47 O23 F1,1.03655,3.4829,0.895688886,10.1038/s41586-019-1798-7
str_m5_o11_o16_sra_sym.128,In Silico,V4 H23 C44 Cl1 O20,0.975965,3.634,0.876381216,10.1038/s41586-019-1798-7
str_m5_o11_o16_sra_sym.151,In Silico,V4 H27 C47 N1 O24,1.04779,3.48457,0.907212818,10.1038/s41586-019-1798-7
str_m5_o11_o16_sra_sym.162,In Silico,V4 H25 C45 N1 O23,1.01274,3.54704,0.89165968,10.1038/s41586-019-1798-7
str_m5_o11_o16_sra_sym.189,In Silico,V4 H19 C46 N2 Cl3 O20,1.07779,3.62544,0.856512222,10.1038/s41586-019-1798-7
str_m5_o11_o16_sra_sym.4,In Silico,V4 H23 C45 N1 O20,0.964274,3.67681,0.890754457,10.1038/s41586-019-1798-7
str_m5_o11_o16_sra_sym.80,In Silico,V4 H23 C45 N1 O20,0.967102,3.63172,0.891144745,10.1038/s41586-019-1798-7
str_m5_o11_o16_sra_sym.83,In Silico,V4 H36 C50 O25,1.09033,3.63849,0.923217038,10.1038/s41586-019-1798-7
str_m5_o11_o18_sra_sym.132,In Silico,V4 H40 C58 O20,0.924193,3.59663,0.938763974,10.1038/s41586-019-1798-7
str_m5_o11_o18_sra_sym.22,In Silico,V4 H52 C64 O20,0.990042,3.37048,0.9654978,10.1038/s41586-019-1798-7
str_m5_o11_o18_sra_sym.57,In Silico,V4 H40 C58 O20,0.926205,3.75348,0.942164393,10.1038/s41586-019-1798-7
str_m5_o12_o18_sra_sym.99,In Silico,V4 H40 C60 O22,1.34139,4.12334,0.925047817,10.1038/s41586-019-1798-7
str_m5_o13_o16_sra_sym.13,In Silico,V4 H82 C80 N6 O20,1.11603,3.7992,1.008496599,10.1038/s41586-019-1798-7
str_m5_o13_o22_sra_sym.235,In Silico,V4 H52 C56 N8 O36,1.35133,4.51818,0.93219339,10.1038/s41586-019-1798-7
str_m5_o16_o16_sra_sym.3,In Silico,V4 H16 C64 O20 F16,1.10473,3.73645,0.843605893,10.1038/s41586-019-1798-7
str_m5_o16_o16_sra_sym.43,In Silico,V4 H32 C72 O28,1.0428,3.29557,0.911567084,10.1038/s41586-019-1798-7
str_m5_o16_o19_sra_sym.15,In Silico,V4 H28 C48 N4 O22,0.977161,3.4885,0.947984332,10.1038/s41586-019-1798-7
str_m5_o16_o24_sra_sym.108,In Silico,V4 H25 C52 N1 O20 F4,1.14677,3.50109,0.868619804,10.1038/s41586-019-1798-7
str_m5_o16_o24_sra_sym.92,In Silico,V4 H32 C54 O21,1.10985,3.2533,0.888736862,10.1038/s41586-019-1798-7
str_m5_o17_o22_sra_sym.36,In Silico,V4 H64 C68 O30,1.12784,4.91274,0.965132169,10.1038/s41586-019-1798-7
str_m5_o17_o22_sra_sym.44,In Silico,V4 H72 C72 O20,1.06083,4.41506,0.983348998,10.1038/s41586-019-1798-7
str_m5_o18_o18_sra_sym.57,In Silico,V4 H40 C80 O20,0.992403,3.81045,0.927711523,10.1038/s41586-019-1798-7
str_m5_o18_o19_sra_sym.43,In Silico,V4 H36 C76 O20,1.00643,3.45447,0.952131308,10.1038/s41586-019-1798-7
str_m5_o18_o19_sra_sym.88,In Silico,V4 H36 C60 O20,0.874678,3.80203,0.953905907,10.1038/s41586-019-1798-7
str_m5_o18_o22_sra_sym.67,In Silico,V4 H44 C60 O20,0.969352,3.50312,0.929191549,10.1038/s41586-019-1798-7
str_m5_o18_o24_sra_sym.80,In Silico,V4 H30 C62 N2 O20,1.04234,3.41526,0.894668754,10.1038/s41586-019-1798-7
str_m5_o18_o29_sra_sym.17,In Silico,V4 H36 C124 Br8 N12 O28,1.62233,3.99348,0.770491001,10.1038/s41586-019-1798-7
str_m5_o2_o17_sra_sym.25,In Silico,V4 H28 C69 O21 F4,1.08625,4.91478,0.881248081,10.1038/s41586-019-1798-7
str_m5_o2_o19_sra_sym.116,In Silico,V4 H20 C44 N4 O20,1.02848,3.95887,0.935305421,10.1038/s41586-019-1798-7
str_m5_o2_o19_sra_sym.12,In Silico,V4 H16 C44 O24,1.03099,3.77777,0.919976446,10.1038/s41586-019-1798-7
str_m5_o2_o19_sra_sym.141,In Silico,V4 H12 C44 N4 O28,1.13794,3.14072,0.895994295,10.1038/s41586-019-1798-7
str_m5_o2_o19_sra_sym.53,In Silico,V4 H12 C44 N4 O28,1.13786,3.15038,0.896010596,10.1038/s41586-019-1798-7
str_m5_o2_o19_sra_sym.7,In Silico,V4 H12 C48 N4 O20,1.06532,3.57124,0.913791532,10.1038/s41586-019-1798-7
str_m5_o2_o20_sra_sym.119,In Silico,V4 H48 C66 O26 F4,1.16861,4.00892,0.951017953,10.1038/s41586-019-1798-7
str_m5_o25_o25_sra_sym.42,In Silico,V4 H120 C112 O36,1.03513,4.31679,1.064041772,10.1038/s41586-019-1798-7
str_m5_o4_o16_sra_sym.35,In Silico,V4 H28 C52 S1 O23,1.12255,3.32317,0.888634346,10.1038/s41586-019-1798-7
str_m5_o4_o16_sra_sym.5,In Silico,V4 H30 C53 O21,1.07437,3.35852,0.896732606,10.1038/s41586-019-1798-7
str_m5_o4_o16_sra_sym.60,In Silico,V4 H32 C54 O20,1.07665,3.5163,0.904687671,10.1038/s41586-019-1798-7
str_m5_o4_o16_sra_sym.65,In Silico,V4 H22 C52 O20 F6,1.14341,3.29527,0.862118539,10.1038/s41586-019-1798-7
str_m5_o4_o16_sra_sym.66,In Silico,V4 H31 C54 N1 O22,1.09407,3.51535,0.903695449,10.1038/s41586-019-1798-7
str_m5_o4_o18_sra_sym.107,In Silico,V4 H26 C60 N4 O28 F2,1.13441,3.10281,0.889955333,10.1038/s41586-019-1798-7
str_m5_o4_o24_sra_sym.100,In Silico,V4 H45 C48 N5 O28,1.22356,4.85207,0.931073939,10.1038/s41586-019-1798-7
str_m5_o4_o4_sra_sym.69,In Silico,V4 H40 C48 O28,1.28017,4.56729,0.916243765,10.1038/s41586-019-1798-7
str_m5_o5_o16_sra_sym.88,In Silico,V4 H28 C46 O20,1.12085,3.42339,0.926462218,10.1038/s41586-019-1798-7
str_m5_o5_o18_sra_sym.78,In Silico,V4 H16 C48 N4 O28,1.15566,3.8432,0.89463142,10.1038/s41586-019-1798-7
str_m6_o42_o47_etb_sym.114,In Silico,Ba2 P8 H51 C42 Br1 O24,1.48176,3.77085,0.808593218,10.1038/s41586-019-1798-7
str_m6_o42_o49_etb_sym.13,In Silico,Ba2 P8 H54 C44 N2 O24,1.41944,4.47994,0.850118639,10.1038/s41586-019-1798-7
str_m6_o43_o48_etb_sym.93,In Silico,Ba2 P8 H51 C48 S10 N5 O64,1.74008,4.16878,0.833556065,10.1038/s41586-019-1798-7
str_m6_o46_o55_etb_sym.130,In Silico,Ba2 P8 H58 C55 S7 O48,1.75976,3.80383,0.847022971,10.1038/s41586-019-1798-7
str_m6_o46_o55_etb_sym.75,In Silico,Ba2 P8 H58 C52 S3 O33,1.55381,4.21463,0.848327707,10.1038/s41586-019-1798-7
str_m6_o46_o56_etb_sym.177,In Silico,Ba2 P8 H57 C53 N5 O24,1.45633,5.18086,0.861559549,10.1038/s41586-019-1798-7
str_m6_o46_o56_etb_sym.5,In Silico,Ba2 P8 H54 C64 O36,1.60824,4.24405,0.85472976,10.1038/s41586-019-1798-7
str_m6_o46_o56_etb_sym.58,In Silico,Ba2 P8 H52 C52 S6 Br2 O42,1.87007,4.22486,0.785454503,10.1038/s41586-019-1798-7
str_m6_o46_o57_etb_sym.19,In Silico,Ba2 P8 H51 C58 N3 O32,1.57459,4.82606,0.839080164,10.1038/s41586-019-1798-7
str_m6_o46_o57_etb_sym.22,In Silico,Ba2 P8 H68 C63 O31,1.54943,4.56082,0.87727729,10.1038/s41586-019-1798-7
str_m6_o46_o57_etb_sym.3,In Silico,Ba2 P8 H43 C56 N7 Cl4 O38,1.72359,4.60328,0.810059591,10.1038/s41586-019-1798-7
str_m6_o47_o49_etb_sym.75,In Silico,Ba2 P8 H52 C48 S2 O34,1.66253,3.83088,0.837378857,10.1038/s41586-019-1798-7
str_m6_o47_o55_etb_sym.65,In Silico,Ba2 P8 H68 C64 O32 F8,1.50124,4.67205,0.861817231,10.1038/s41586-019-1798-7
str_m7_o10_o24_bcu_sym.128,In Silico,Ni8 H104 C104 N48 F8,1.06796,4.30677,0.882699914,10.1038/s41586-019-1798-7
str_m7_o10_o24_bcu_sym.56,In Silico,Ni8 H112 C112 N32 O48,1.22181,3.89152,0.917006908,10.1038/s41586-019-1798-7
UFUMUD,Experimental,Cu2 H16 C24 N4 O8,1.49414,3.26076,0.879522022,10.1039/b200213b
UIO66-NH2,Experimental,Zr6 H34 C48 N6 O32,1.27399,4.0776,0.795045986,10.1002/anie.201505461                                               
ZnTBAPy4,Experimental,Zn2 H22 C44 O8,1.13734,5.34213,0.882535508,10.1021/ja308995t
